ligand,receptor,species
SEMA3F,PLXNA3,Human
SEMA3F,PLXNA1,Human
SEMA3F,NRP1,Human
SEMA3F,NRP2,Human
CX3CL1,CX3CR1,Human
HEBP1,ADRA2A,Human
HEBP1,MTNR1A,Human
HEBP1,FPR3,Human
HEBP1,GRM7,Human
DCN,EGFR,Human
DCN,MET,Human
DCN,ERBB4,Human
GRN,TNFRSF1A,Human
GRN,EGFR,Human
GRN,SORT1,Human
GRN,TNFRSF1B,Human
GRN,CLEC4M,Human
UTS2,UTS2R,Human
ICAM3,ITGAL,Human
ICAM3,ITGB2,Human
ICAM3,CLEC4M,Human
ICAM3,CD209,Human
ICAM3,ITGAD,Human
CEACAM1,EGFR,Human
CEACAM1,SELE,Human
CEACAM1,CD209,Human
PRLH,PRLHR,Human
FGF4,FGFR2,Human
FGF4,FGFR4,Human
FGF4,FGFR1,Human
FGF4,FGFR3,Human
FGF4,NRP1,Human
ST6GAL1,EGFR,Human
NTN1,UNC5D,Human
NTN1,UNC5B,Human
NTN1,DCC,Human
NTN1,UNC5A,Human
NTN1,ADORA2B,Human
NTN1,UNC5C,Human
NTN1,NEO1,Human
SCT,PTH1R,Human
SCT,ADCYAP1R1,Human
SCT,RAMP2,Human
SCT,VIPR1,Human
SCT,RAMP3,Human
SCT,GPR20,Human
SCT,ADRB2,Human
SCT,VIPR2,Human
SCT,ADRB3,Human
SCT,TSHR,Human
SCT,GPR84,Human
FGF20,FGFR2,Human
FGF20,FGFR4,Human
FGF20,FGFR1,Human
FGF20,FGFR3,Human
CEACAM6,EGFR,Human
THPO,MPL,Human
EFNB1,EPHB6,Human
EFNB1,EPHB4,Human
EFNB1,ERBB2,Human
EFNB1,EPHB1,Human
EFNB1,EPHB3,Human
EFNB1,EPHB2,Human
EFNB1,EPHA4,Human
EFNB1,EPHA6,Human
DLL3,NOTCH1,Human
DLL3,NOTCH4,Human
DLL3,NOTCH2,Human
DLL3,NOTCH3,Human
SEMA4G,PLXNB2,Human
VCL,ITGB5,Human
VCL,ALK,Human
EFNA2,EPHA7,Human
EFNA2,EPHA10,Human
EFNA2,EPHA3,Human
EFNA2,EPHA1,Human
EFNA2,EPHA5,Human
EFNA2,EPHA4,Human
EFNA2,EPHA6,Human
EFNA2,EPHA2,Human
FGF22,FGFR2,Human
FGF22,FGFR1,Human
MADCAM1,ITGA4,Human
MADCAM1,CD44,Human
MADCAM1,ITGB7,Human
MIF,CXCR4,Human
MIF,CD44,Human
MIF,EGFR,Human
MIF,CXCR2,Human
OSM,LIFR,Human
OSM,IL6ST,Human
OSM,OSMR,Human
TCN2,LRP2,Human
TCN2,CNR1,Human
LGALS1,ITGB1,Human
LGALS1,PTPRC,Human
NID2,COL13A1,Human
GZMB,CHRM3,Human
GZMB,IGF2R,Human
RSPO4,LGR6,Human
RSPO4,LGR4,Human
RSPO4,LGR5,Human
OXT,AVPR2,Human
OXT,AVPR1B,Human
OXT,AVPR1A,Human
OXT,OXTR,Human
F9,LRP1,Human
PCSK1N,GPR171,Human
TIMP1,FGFR2,Human
TIMP1,CD63,Human
MMP2,PECAM1,Human
MMP2,CCR2,Human
MMP2,SDC2,Human
MMP2,FGFR1,Human
CCL22,CCR4,Human
CCL22,DPP4,Human
CCL22,ACKR2,Human
CCL17,CCR4,Human
CCL17,ACKR1,Human
CCL17,ACKR2,Human
CCL17,CCR8,Human
TG,ASGR1,Human
TG,LRP2,Human
TG,TPO,Human
SFRP1,FZD2,Human
SFRP1,FZD6,Human
PLAT,ITGAM,Human
PLAT,LRP1,Human
PLAT,ITGB2,Human
DKK4,LRP6,Human
DKK4,LRP5,Human
LHB,PTH1R,Human
LHB,ADCYAP1R1,Human
LHB,RAMP2,Human
LHB,VIPR1,Human
LHB,RAMP3,Human
LHB,GPR20,Human
LHB,ADRB2,Human
LHB,ADRB3,Human
LHB,TSHR,Human
LHB,LHCGR,Human
LHB,GPR84,Human
AMH,ACVR1,Human
AMH,EGFR,Human
AMH,AMHR2,Human
RETN,GPR25,Human
EBI3,IL27RA,Human
EBI3,IL6ST,Human
TGFB1,ENG,Human
TGFB1,EGFR,Human
TGFB1,SMAD3,Human
TGFB1,TGFBR2,Human
TGFB1,ITGB3,Human
TGFB1,TGFBR1,Human
TGFB1,ACVRL1,Human
TGFB1,ITGB6,Human
TGFB1,ITGAV,Human
TGFB1,ITGB1,Human
TGFB1,CAV1,Human
TGFB1,SDC2,Human
TGFB1,ITGB8,Human
TGFB1,CXCR4,Human
TGFB1,ITGB5,Human
ICAM5,ITGAL,Human
ICAM5,ITGB2,Human
CEACAM5,CD1D,Human
COMP,ITGB1,Human
COMP,ITGB3,Human
COMP,CD36,Human
HGF,CD44,Human
HGF,SDC1,Human
HGF,ITGB1,Human
HGF,MET,Human
HGF,SDC2,Human
HGF,NRP1,Human
HGF,ST14,Human
LAMB1,ITGA7,Human
LAMB1,ITGAV,Human
LAMB1,ITGB1,Human
LAMB1,ITGA6,Human
LAMB1,ITGA1,Human
LAMB1,ITGA2,Human
WNT16,FZD6,Human
NAMPT,ADORA2A,Human
PON2,HTR2A,Human
NPVF,NPFFR1,Human
NPVF,NPFFR2,Human
PDAP1,PDGFRB,Human
SERPINE1,LRP2,Human
SERPINE1,PLAUR,Human
SERPINE1,ITGAV,Human
SERPINE1,LRP1,Human
SERPINE1,ITGB5,Human
C5,ADRA2A,Human
C5,MTNR1A,Human
C5,C5AR2,Human
C5,C5AR1,Human
C5,GRM7,Human
TNFSF8,TNFRSF8,Human
RLN1,RXFP2,Human
RLN1,RXFP1,Human
CSF3,CSF1R,Human
CSF3,CSF3R,Human
WNT3,RYK,Human
WNT3,LRP6,Human
WNT3,ROR2,Human
WNT3,FZD1,Human
WNT3,FZD7,Human
WNT3,FZD8,Human
WNT3,FZD5,Human
CCL2,CCR4,Human
CCL2,CCR1,Human
CCL2,CCR2,Human
CCL2,CCR5,Human
CCL2,CCR10,Human
CCL2,CCR3,Human
CCL2,ACKR1,Human
CCL2,ACKR2,Human
CCL2,ACKR4,Human
CCL1,CCR8,Human
CCL13,CXCR3,Human
CCL13,CCR3,Human
CCL13,ACKR1,Human
CCL13,CCR1,Human
CCL13,ACKR2,Human
CCL13,CCR2,Human
CCL13,CCR5,Human
CCL13,ACKR4,Human
CCL13,CCR9,Human
COL1A1,ITGA5,Human
COL1A1,CD93,Human
COL1A1,FLT4,Human
COL1A1,CD36,Human
COL1A1,ITGA1,Human
COL1A1,DDR2,Human
COL1A1,CD44,Human
COL1A1,ITGAV,Human
COL1A1,ITGB1,Human
COL1A1,ITGA11,Human
COL1A1,TMPRSS6,Human
COL1A1,ITGA2,Human
COL1A1,DDR1,Human
EFNB3,EPHB6,Human
EFNB3,EPHB4,Human
EFNB3,RHBDL2,Human
EFNB3,EPHB1,Human
EFNB3,EPHB3,Human
EFNB3,EPHB2,Human
EFNB3,EPHA4,Human
VTN,ITGA5,Human
VTN,ITGA8,Human
VTN,CD47,Human
VTN,ITGAV,Human
VTN,ITGB1,Human
VTN,KDR,Human
VTN,PLAUR,Human
VTN,ITGA2B,Human
VTN,ITGB3,Human
VTN,ITGB6,Human
VTN,TNFRSF11B,Human
VTN,PVR,Human
VTN,ITGB5,Human
IBSP,ITGB3,Human
IBSP,ITGAV,Human
CXCL6,ADRA2A,Human
CXCL6,ACKR1,Human
CXCL6,CXCR2,Human
CXCL6,GRM7,Human
CXCL6,CXCR1,Human
CXCL6,MTNR1A,Human
IL2,IL2RA,Human
IL2,IL2RG,Human
IL2,CD53,Human
APOC3,LRP2,Human
APOC3,LDLR,Human
APOC3,LRP1,Human
APOC3,SDC2,Human
APOC3,TLR2,Human
KITLG,KIT,Human
CLEC2B,KLRF1,Human
SELPLG,ITGAM,Human
SELPLG,ESAM,Human
SELPLG,SELL,Human
SELPLG,SELP,Human
SELPLG,SELE,Human
SELPLG,ITGB2,Human
IL23A,IL12RB1,Human
IL23A,IL12RB2,Human
IL23A,IL23R,Human
FGF6,FGFR2,Human
FGF6,SDC4,Human
FGF6,FGFR4,Human
FGF6,FGFR1,Human
FGF6,FGFR3,Human
IL26,IL10RB,Human
IL26,IL20RA,Human
IFNG,IFNGR2,Human
IFNG,IFNGR1,Human
GNB3,TGFBR1,Human
GNB3,GABBR2,Human
ULBP1,KLRK1,Human
LAMA4,ITGA6,Human
LAMA4,ITGAV,Human
LAMA4,ITGB1,Human
HBEGF,CD44,Human
HBEGF,EGFR,Human
HBEGF,CD9,Human
HBEGF,PRLR,Human
HBEGF,ERBB2,Human
HBEGF,ERBB4,Human
IL12B,IL12RB1,Human
IL12B,IL23R,Human
IL12B,IL12RB2,Human
IL4,IL13RA2,Human
IL4,IL2RG,Human
IL4,CD53,Human
IL4,IL13RA1,Human
IL4,IL4R,Human
IL5,CSF2RB,Human
IL5,IL5RA,Human
SEMA3G,NRP2,Human
LTF,LRP1,Human
LTF,TFRC,Human
HRG,ERBB2,Human
HRG,FCGR1A,Human
HRG,ERBB3,Human
TFPI,VLDLR,Human
TFPI,LRP1,Human
TFPI,SDC4,Human
TFPI,F3,Human
APOB,ITGAM,Human
APOB,LRP6,Human
APOB,OLR1,Human
APOB,LRP2,Human
APOB,VLDLR,Human
APOB,LDLR,Human
APOB,CALCR,Human
APOB,MTTP,Human
APOB,LSR,Human
APOB,ADRB2,Human
APOB,TLR6,Human
APOB,LRP1,Human
APOB,ITGB2,Human
APOB,TLR4,Human
APOB,LRP8,Human
WNT6,FZD4,Human
PROC,ITGAM,Human
PROC,ITGB2,Human
PROC,THBD,Human
ANGPTL1,TEK,Human
CD160,TNFRSF14,Human
APOA1,ABCA1,Human
APOA1,LRP2,Human
APOA1,LDLR,Human
APOA1,LRP1,Human
FGF23,FGFR2,Human
FGF23,PHEX,Human
FGF23,KL,Human
FGF23,FGFR4,Human
FGF23,FGFR1,Human
FGF23,FGFR3,Human
TGFB3,ENG,Human
TGFB3,ITGB1,Human
TGFB3,TGFBR2,Human
TGFB3,ITGB3,Human
TGFB3,TGFBR1,Human
TGFB3,ACVRL1,Human
TGFB3,ITGB6,Human
TGFB3,ITGB5,Human
IFNA7,IFNAR2,Human
IFNA7,IFNAR1,Human
IAPP,PTH1R,Human
IAPP,ADCYAP1R1,Human
IAPP,RAMP2,Human
IAPP,VIPR1,Human
IAPP,CALCR,Human
IAPP,RAMP3,Human
IAPP,GPR20,Human
IAPP,ADRB2,Human
IAPP,RAMP1,Human
IAPP,ADRB3,Human
IAPP,TSHR,Human
IAPP,GPR84,Human
TNFSF10,TNFRSF10D,Human
TNFSF10,RIPK1,Human
TNFSF10,TNFRSF10B,Human
TNFSF10,TNFRSF10C,Human
TNFSF10,TNFRSF11B,Human
GSTM2,RYR2,Human
INHBA,ACVR1,Human
INHBA,ACVR2B,Human
INHBA,ENG,Human
INHBA,SMAD3,Human
INHBA,BAMBI,Human
INHBA,ACVR1B,Human
INHA,ACVR1,Human
INHA,ACVR2B,Human
PI3,PLD2,Human
IL17C,IL17RE,Human
LYPD3,AGR2,Human
EREG,ERBB2,Human
EREG,EGFR,Human
EREG,ERBB4,Human
EREG,ERBB3,Human
EFNB2,EPHB6,Human
EFNB2,PECAM1,Human
EFNB2,EPHB4,Human
EFNB2,RHBDL2,Human
EFNB2,EPHA3,Human
EFNB2,EPHB1,Human
EFNB2,EPHB3,Human
EFNB2,GRM5,Human
EFNB2,EPHB2,Human
EFNB2,EPHA4,Human
EFNB2,EPHA6,Human
EFNB2,GRM1,Human
BMP4,LRP6,Human
BMP4,BMPR2,Human
BMP4,BMPR1A,Human
BMP4,HJV,Human
BMP4,BMPR1B,Human
PSPN,GFRA3,Human
PSPN,RET,Human
PSPN,SDC3,Human
PSPN,GFRA2,Human
PSPN,GFRA4,Human
PSPN,GFRA1,Human
TNFSF9,TNFRSF9,Human
TNFSF9,PVR,Human
TNFSF9,TRAF2,Human
CD70,TNFRSF13B,Human
CD70,CD27,Human
C3,ITGAM,Human
C3,CD19,Human
C3,CD46,Human
C3,MTNR1A,Human
C3,C5AR2,Human
C3,CR2,Human
C3,GRM7,Human
C3,ITGAX,Human
C3,C3AR1,Human
C3,ADRA2A,Human
C3,IFITM1,Human
C3,CR1,Human
C3,ITGB2,Human
C3,CD81,Human
VASP,CXCR2,Human
SLURP1,CHRNA7,Human
GDF1,ACVR2B,Human
GDF1,SMAD3,Human
GDF1,ACVR1B,Human
OMG,RTN4RL1,Human
OMG,LINGO1,Human
LIF,LIFR,Human
LIF,IL6ST,Human
DLL4,NOTCH1,Human
DLL4,NOTCH4,Human
DLL4,NOTCH2,Human
DLL4,NOTCH3,Human
TPH1,HTR7,Human
TPH1,HTR1A,Human
TPH1,HTR1F,Human
TPH1,HTR1D,Human
TPH1,HTR2C,Human
TPH1,HTR4,Human
TPH1,HTR6,Human
TPH1,HTR1B,Human
TPH1,HTR2A,Human
TPH1,HTR2B,Human
TPH1,HTR5A,Human
TPH1,HTR1E,Human
AANAT,MTNR1B,Human
AANAT,MTNR1A,Human
LMAN1,MCFD2,Human
APOE,LRP6,Human
APOE,LRP2,Human
APOE,VLDLR,Human
APOE,LDLR,Human
APOE,LRP5,Human
APOE,CHRNA4,Human
APOE,TREM2,Human
APOE,LSR,Human
APOE,SORL1,Human
APOE,ABCA1,Human
APOE,SCARB1,Human
APOE,SDC2,Human
APOE,LRP8,Human
APOE,LRP4,Human
APOC2,LDLR,Human
NCAN,CDH2,Human
NCAN,SDC3,Human
BST2,LILRA4,Human
BMP15,BMPR2,Human
BMP15,BMPR1A,Human
BMP15,BMPR1B,Human
EPO,EPHB4,Human
GDF15,GFRAL,Human
GDF15,RET,Human
LAMA5,SDC1,Human
LAMA5,ITGA6,Human
LAMA5,BCAM,Human
LAMA5,ITGB1,Human
LAMA5,ITGA2,Human
F12,GP1BA,Human
JAG1,CD46,Human
JAG1,NOTCH4,Human
JAG1,NOTCH1,Human
JAG1,NOTCH2,Human
JAG1,NOTCH3,Human
CRP,OLR1,Human
CRP,CR1,Human
NTS,SORT1,Human
NTS,NTSR1,Human
NTS,NTSR2,Human
TSHB,PTH1R,Human
TSHB,ADCYAP1R1,Human
TSHB,VIPR1,Human
TSHB,GPR20,Human
TSHB,ADRB2,Human
TSHB,ADRB3,Human
TSHB,TSHR,Human
TSHB,GPR84,Human
FST,HJV,Human
FST,BMPR2,Human
FST,BMPR1B,Human
GRP,GRPR,Human
GRP,BRS3,Human
GRP,NMBR,Human
SPX,GALR2,Human
DSC1,DSG2,Human
SEMA6A,PLXNA4,Human
SEMA6A,PLXNA2,Human
LACRT,SDC1,Human
GDF11,ACVR2B,Human
GDF11,ACVR1B,Human
GDF11,BMPR2,Human
GDF11,BMPR1A,Human
GDF11,BMPR1B,Human
LAMC1,ITGA6,Human
LAMC1,ITGA1,Human
LAMC1,ITGA7,Human
LAMC1,ITGAV,Human
LAMC1,ITGB1,Human
LAMC1,ITGA2,Human
IL36G,IL36RN,Human
IL36G,IL1RL2,Human
IL1RN,IL1R1,Human
IL1RN,IL1RL2,Human
IL1RN,IL1R2,Human
IL36A,IL36RN,Human
IL36A,IL1RL2,Human
IL36B,IL36RN,Human
IL36B,IL1RL2,Human
CFC1,SMAD3,Human
CFC1,ACVR1B,Human
ORM1,CCR5,Human
CCN3,PLXNA1,Human
CCN3,NOTCH1,Human
CCL21,ADRA2A,Human
CCL21,MTNR1A,Human
CCL21,CXCR3,Human
CCL21,GRM7,Human
CCL21,ACKR2,Human
CCL27,CCR10,Human
CCL27,ADRA2A,Human
CCL27,GRM7,Human
CCL27,ACKR2,Human
CCL27,MTNR1A,Human
TGS1,RXRA,Human
MMP7,CD44,Human
MMP7,SDC1,Human
MMP7,CD151,Human
MMP7,ERBB4,Human
THBS1,ITGA4,Human
THBS1,CD47,Human
THBS1,SDC1,Human
THBS1,ITGB1,Human
THBS1,LRP5,Human
THBS1,ITGA2B,Human
THBS1,ITGB3,Human
THBS1,SDC4,Human
THBS1,SCARB1,Human
THBS1,ITGA6,Human
THBS1,TNFRSF11B,Human
THBS1,CD36,Human
ADAM10,GPNMB,Human
ADAM10,TSPAN5,Human
ADAM10,TSPAN15,Human
ADAM10,CD44,Human
ADAM10,TSPAN10,Human
ADAM10,CADM1,Human
ADAM10,TSPAN14,Human
ADAM10,NOTCH1,Human
ADAM10,IL6R,Human
ADAM10,MET,Human
ADAM10,TSPAN17,Human
ADAM10,EPHA3,Human
ADAM10,TREM2,Human
ADAM10,AXL,Human
ADAM10,NRCAM,Human
MSTN,ACVR2B,Human
COL8A1,ITGA1,Human
COL8A1,ITGA2,Human
LYZ,ITGAL,Human
VWF,SCARA5,Human
VWF,ITGA2B,Human
VWF,ITGB3,Human
VWF,STAB2,Human
VWF,SELP,Human
VWF,SIRPA,Human
VWF,TNFRSF11B,Human
VWF,GP1BA,Human
CDH1,EGFR,Human
CDH1,LRP5,Human
CDH1,IGF1R,Human
CDH1,ITGB7,Human
CDH1,ERBB3,Human
CDH1,KLRG1,Human
CDH1,CDH2,Human
CDH1,ITGAE,Human
CDH1,PTPRM,Human
CDH1,PTPRF,Human
IL17B,IL17RB,Human
SEMA7A,ITGB1,Human
SEMA7A,ITGA1,Human
RIMS2,ABCA1,Human
ANOS1,SDC2,Human
ANOS1,FGFR1,Human
TIMP2,CD44,Human
TIMP2,ITGB1,Human
LGALS3BP,ITGB1,Human
IL37,IL1RAPL1,Human
IL1A,IL1R1,Human
IL1A,IL1RAP,Human
IL1A,IL1R2,Human
IL1B,SIGIRR,Human
IL1B,IL1R1,Human
IL1B,ADRB2,Human
IL1B,IL1RAP,Human
IL1B,IL1R2,Human
MIA,CDH7,Human
LCN1,LMBR1L,Human
CNTN3,PTPRG,Human
IL7,IL7R,Human
IL7,IL2RG,Human
CKLF,CCR4,Human
FARP2,PLXNA3,Human
FARP2,PLXNA1,Human
FARP2,PLXNA2,Human
FARP2,PLXNA4,Human
LAMC2,ITGA6,Human
LAMC2,CD151,Human
LAMC2,ITGB1,Human
LAMC2,ITGA2,Human
LAMC2,COL17A1,Human
NID1,ITGB1,Human
NID1,ITGB3,Human
NID1,COL13A1,Human
NID1,PTPRF,Human
NMU,ADRA2A,Human
NMU,GRM7,Human
NMU,NMUR1,Human
NMU,MTNR1A,Human
IL21,IL21R,Human
IL21,IL2RG,Human
FGF2,SDC1,Human
FGF2,FGFR1,Human
FGF2,FGFR2,Human
FGF2,CD44,Human
FGF2,SDC3,Human
FGF2,SDC4,Human
FGF2,GPC4,Human
FGF2,SDC2,Human
FGF2,FGFRL1,Human
FGF2,FGFR4,Human
FGF2,FGFR3,Human
FGF2,NRP1,Human
IL11,IL11RA,Human
IL11,IL6ST,Human
WNT5A,PTK7,Human
WNT5A,LDLR,Human
WNT5A,LRP5,Human
WNT5A,EPHA7,Human
WNT5A,FZD5,Human
WNT5A,ROR1,Human
WNT5A,VANGL2,Human
WNT5A,RYK,Human
WNT5A,ROR2,Human
WNT5A,PTPRK,Human
WNT5A,ADRB2,Human
WNT5A,FZD1,Human
WNT5A,FZD4,Human
WNT5A,FZD9,Human
WNT5A,FZD7,Human
WNT5A,FZD3,Human
WNT5A,FZD8,Human
WNT5A,FZD2,Human
WNT5A,ANTXR1,Human
WNT5A,FZD6,Human
FGF10,FGFR2,Human
FGF10,FGFRL1,Human
FGF10,FGFR1,Human
ICAM1,ITGAM,Human
ICAM1,ITGAL,Human
ICAM1,ITGAX,Human
ICAM1,MUC1,Human
ICAM1,EGFR,Human
ICAM1,CAV1,Human
ICAM1,IL2RA,Human
ICAM1,ITGB2,Human
ICAM1,SPN,Human
ICAM1,IL2RG,Human
OLFM2,ROBO2,Human
F13A1,ITGA4,Human
F13A1,ITGB1,Human
BST1,CAV1,Human
KNG1,ITGAM,Human
KNG1,ADRA2A,Human
KNG1,RXFP4,Human
KNG1,PLAUR,Human
KNG1,MTNR1A,Human
KNG1,ITGB2,Human
KNG1,SDC2,Human
KNG1,GRM7,Human
KNG1,BDKRB2,Human
KNG1,GP1BA,Human
VCAN,ITGA4,Human
VCAN,CD44,Human
VCAN,EGFR,Human
VCAN,ITGB1,Human
VCAN,TLR1,Human
TNC,ITGA5,Human
TNC,SDC1,Human
TNC,EGFR,Human
TNC,ITGB3,Human
TNC,ITGB6,Human
TNC,PTPRB,Human
TNC,ITGA8,Human
TNC,ITGA7,Human
TNC,ITGB1,Human
TNC,SDC4,Human
TNC,CNTN1,Human
TNC,ITGA2,Human
EGF,EGFR,Human
EGF,LDLR,Human
EGF,FSHR,Human
EGF,ERBB3,Human
EGF,ADRB2,Human
EGF,CAV1,Human
EGF,RHBDL2,Human
EGF,ERBB2,Human
EGF,ERBB4,Human
EGF,NRP1,Human
EGF,AXL,Human
SEMA3C,PLXND1,Human
SEMA3C,NRP1,Human
SEMA3C,NRP2,Human
SEMA3A,PLXNA4,Human
SEMA3A,PLXNA3,Human
SEMA3A,PLXNA1,Human
SEMA3A,NRP1,Human
SEMA3A,PLXNA2,Human
SEMA3A,NRP2,Human
WNT2,FZD1,Human
WNT2,FZD4,Human
WNT2,FZD9,Human
WNT2,FZD7,Human
WNT2,FZD3,Human
WNT2,FZD8,Human
WNT2,FZD5,Human
WNT2,FZD2,Human
NPTX2,NPTXR,Human
GAL,ADRA2A,Human
GAL,MTNR1A,Human
GAL,GALR2,Human
GAL,GRM7,Human
GAL,GPR151,Human
GAL,GALR1,Human
ADAM2,ITGB1,Human
ADAM2,CD9,Human
ADAM2,ITGA6,Human
ADAM2,ITGB7,Human
ADAM28,ITGA4,Human
SLIT1,ROBO1,Human
SLIT1,FLRT3,Human
TIMP3,CD44,Human
TIMP3,MET,Human
TIMP3,AGTR2,Human
INHBE,ACVR2B,Human
LUM,ITGB1,Human
DHH,PTCH1,Human
DHH,HHIP,Human
DHH,BOC,Human
DHH,CDON,Human
DHH,PTCH2,Human
NPFF,NPFFR1,Human
NPFF,NPFFR2,Human
FGF7,FGFR2,Human
FGF7,FGFR4,Human
FGF7,FGFR1,Human
FGF7,FGFR3,Human
HDC,HRH1,Human
HDC,HRH2,Human
HDC,HRH3,Human
MFGE8,ITGB3,Human
IGFBP4,FZD8,Human
PTH2,PTH1R,Human
PTH2,ADCYAP1R1,Human
PTH2,TSHR,Human
PTH2,GPR20,Human
PTH2,GPR84,Human
PTH2,ADRB2,Human
PTH2,ADRB3,Human
PTH2,VIPR1,Human
PTH2,PTH2R,Human
PROK1,PROKR1,Human
CGN,F11R,Human
CGN,TGFBR2,Human
CGN,OCLN,Human
CGN,TGFBR1,Human
LEFTY1,ACVR2B,Human
LEFTY1,ACVR1B,Human
REN,ATP6AP2,Human
GDF7,BMPR2,Human
GDF7,BMPR1A,Human
CALM2,KCNQ3,Human
CALM2,EGFR,Human
CALM2,KCNQ5,Human
CALM2,GRM7,Human
CALM2,MYLK,Human
CALM2,PDE1A,Human
CALM2,INSR,Human
CALM2,ADCY8,Human
CALM2,PDE1C,Human
CALM2,GP6,Human
CALM2,SCN10A,Human
CALM2,PLPP6,Human
CALM2,AQP6,Human
CALM2,GRM5,Human
CALM2,MYLK2,Human
CALM2,AQP1,Human
CALM2,SCN4A,Human
NXPH2,NRXN1,Human
LRIG1,EGFR,Human
LRIG1,MET,Human
UCN2,IL10RB,Human
UCN2,CRHR2,Human
UCN2,CRHR1,Human
SFRP2,FZD5,Human
MEGF10,ABCA1,Human
IL9,IL2RG,Human
FGF18,FGFR2,Human
FGF18,FGFR4,Human
FGF18,FGFR1,Human
FGF18,FGFR3,Human
CRH,ADCYAP1R1,Human
CRH,ADRB2,Human
CRH,CRHR2,Human
CRH,GPR84,Human
CRH,PTH1R,Human
CRH,VIPR1,Human
CRH,GPR20,Human
CRH,MC2R,Human
CRH,CRHR1,Human
CRH,ADRB3,Human
CRH,TSHR,Human
RSPO2,LGR6,Human
RSPO2,LGR4,Human
RSPO2,ZNRF3,Human
IFNA1,IFNAR2,Human
IFNA1,CR2,Human
LIN7C,ABCA1,Human
LIN7C,KCNJ4,Human
SERPING1,SELE,Human
GPHA2,EPHA6,Human
GPHA2,TSHR,Human
CTF1,IL6ST,Human
IL18,CD48,Human
IL18,IL18R1,Human
IL18,IL1RAPL1,Human
IL18,IL18BP,Human
QDPR,DYSF,Human
PIGF,FLT1,Human
TNFSF4,TNFRSF4,Human
PTH,ADCYAP1R1,Human
PTH,ADRB2,Human
PTH,GPR84,Human
PTH,PTH1R,Human
PTH,VIPR1,Human
PTH,GPR20,Human
PTH,ADRB3,Human
PTH,TSHR,Human
BMP3,ACVR2B,Human
BMP3,BMPR2,Human
BMP3,BMPR1A,Human
BMP3,BMPR1B,Human
BMP6,HJV,Human
BMP6,BMPR2,Human
BMP6,BMPR1A,Human
BMP6,BMPR1B,Human
SEMA3D,PLXND1,Human
WNT3A,LRP5,Human
WNT3A,FZD5,Human
WNT3A,ROR1,Human
WNT3A,ATP6AP2,Human
WNT3A,APCDD1,Human
WNT3A,RYK,Human
WNT3A,FZD1,Human
WNT3A,FZD7,Human
WNT3A,FZD3,Human
WNT3A,FZD8,Human
WNT3A,FZD2,Human
WNT3A,FZD6,Human
APP,VLDLR,Human
APP,MTNR1A,Human
APP,FPR2,Human
APP,GRM7,Human
APP,LRP10,Human
APP,PLD1,Human
APP,TSPAN15,Human
APP,DCC,Human
APP,CAV1,Human
APP,RPSA,Human
APP,TNFRSF21,Human
APP,NCSTN,Human
APP,AGER,Human
WNT7A,LDLR,Human
WNT7A,RECK,Human
WNT7A,FZD9,Human
WNT7A,FZD5,Human
DKK2,KREMEN2,Human
WIF1,RYK,Human
ADAMTS3,CCBE1,Human
CXCL13,CCR10,Human
CXCL13,CXCR3,Human
CXCL13,GRM7,Human
CXCL13,CXCR5,Human
CXCL13,MTNR1A,Human
GDF6,BMPR2,Human
GDF6,BMPR1A,Human
GDF6,BMPR1B,Human
NODAL,ACVR2B,Human
NODAL,SMAD3,Human
NODAL,ACVR1B,Human
SST,SSTR5,Human
SST,SSTR2,Human
SST,MTNR1A,Human
SST,SSTR3,Human
SST,GRM7,Human
WNT4,FZD8,Human
WNT4,FZD2,Human
WNT4,FZD6,Human
ACE,BDKRB2,Human
ACE,AGTR2,Human
AGRP,MC4R,Human
AGRP,MC5R,Human
AGRP,SDC3,Human
PIP,AQP5,Human
CALM3,KCNQ3,Human
CALM3,KCNQ5,Human
CALM3,ESR1,Human
CALM3,GRM7,Human
CALM3,MYLK,Human
CALM3,PDE1A,Human
CALM3,INSR,Human
CALM3,RYR2,Human
CALM3,PDE1C,Human
CALM3,GP6,Human
CALM3,SCN10A,Human
CALM3,AQP6,Human
CALM3,GRM5,Human
CALM3,MYLK2,Human
CALM3,AR,Human
CALM3,AQP1,Human
CALM3,SCN4A,Human
TFF2,MUC6,Human
TFF1,MUC5AC,Human
S100B,ALCAM,Human
S100B,AGER,Human
S100A1,TRPM3,Human
S100A1,RYR2,Human
S100A1,RYR1,Human
S100A1,TLR4,Human
S100A1,AGER,Human
SCGB3A1,MARCO,Human
HCRT,HCRTR1,Human
HCRT,NPFFR2,Human
HCRT,HCRTR2,Human
SHANK1,ADGRB2,Human
SHANK1,ABCA1,Human
SHANK1,SSTR2,Human
SHANK1,ADGRL2,Human
SHANK1,ADGRL1,Human
WNT1,RYK,Human
WNT1,ROR2,Human
WNT1,LRP5,Human
WNT1,FZD9,Human
WNT1,FZD3,Human
WNT1,FZD8,Human
WNT1,FZD5,Human
CXCL16,GRM7,Human
CXCL16,MTNR1A,Human
CXCL16,CXCR6,Human
TNFSF12,TNFRSF25,Human
TNFSF12,TNFRSF12A,Human
FGF11,FGFR2,Human
FGF11,FGFR1,Human
FGF11,FGFR3,Human
NTN3,NEO1,Human
NTN3,CDON,Human
FGF19,FGFR2,Human
FGF19,FGFR1,Human
FGF19,FGFR3,Human
DRAXIN,DCC,Human
VCAM1,ITGA4,Human
VCAM1,ITGB1,Human
VCAM1,ITGB2,Human
VCAM1,EZR,Human
VCAM1,MSN,Human
VCAM1,ITGAD,Human
ARPC5,ADRB2,Human
ARPC5,LDLR,Human
INHBB,ACVR2B,Human
INHBB,SMAD3,Human
INHBB,ACVR1B,Human
BMP10,ENG,Human
BMP10,ACVRL1,Human
BMP10,BMPR2,Human
BMP10,BMPR1A,Human
BMP10,BMPR1B,Human
TGFA,ERBB4,Human
COL6A3,ITGB1,Human
COL6A3,ITGA2,Human
PROK2,PROKR1,Human
IHH,PTCH1,Human
IHH,HHIP,Human
IHH,BOC,Human
IHH,CDON,Human
IHH,PTCH2,Human
CXCL3,MTNR1A,Human
CXCL3,CXCR2,Human
CXCL3,GRM7,Human
CXCL5,MTNR1A,Human
CXCL5,ACKR1,Human
CXCL5,CXCR2,Human
CXCL5,GRM7,Human
PPBP,MTNR1A,Human
PPBP,ACKR1,Human
PPBP,CXCR2,Human
PPBP,GRM7,Human
PF4,CXCR3,Human
PF4,FGFR2,Human
PF4,SDC2,Human
PF4,ACKR1,Human
PF4,GRM7,Human
PF4,LDLR,Human
PF4,THBD,Human
PF4,MTNR1A,Human
UCN,CRHR1,Human
UCN,CRHR2,Human
TDGF1,ACVR2B,Human
TDGF1,SMAD3,Human
TDGF1,ACVR1B,Human
LIPH,LPAR1,Human
LIPH,LPAR4,Human
LIPH,LPAR2,Human
MELTF,TFRC,Human
CAMP,P2RX7,Human
CAMP,FPR2,Human
IL15,IL15RA,Human
IL15,IL2RA,Human
IL15,IL2RG,Human
SCGB3A2,MARCO,Human
SPINK1,NRSN1,Human
IL3,CSF2RB,Human
IL3,IL3RA,Human
CSF2,ITGB1,Human
CSF2,CSF2RB,Human
CSF2,CSF2RA,Human
CSF2,IL3RA,Human
CSF2,SDC2,Human
CSF2,CSF3R,Human
FABP5,RXRA,Human
SHH,SCUBE2,Human
SHH,BOC,Human
SHH,GPC5,Human
SHH,CDON,Human
SHH,GAS1,Human
SHH,PTCH1,Human
SHH,PTCH2,Human
COL1A2,CD44,Human
COL1A2,ITGB1,Human
COL1A2,ITGA11,Human
COL1A2,ITGB3,Human
COL1A2,CD36,Human
DEFB1,CCR6,Human
COL14A1,CD44,Human
VEGFD,ITGA4,Human
VEGFD,ITGB1,Human
VEGFD,NRP2,Human
ARF6,PLD1,Human
ARF6,SMAP1,Human
JAM3,ITGB1,Human
JAM3,ITGB2,Human
HSP90B1,TLR9,Human
HSP90B1,TLR7,Human
HSP90B1,TLR4,Human
HSP90B1,TLR1,Human
COL6A2,ITGB1,Human
ANGPTL4,GPIHBP1,Human
ANGPTL4,TIE1,Human
FADD,ABCA1,Human
FADD,FAS,Human
FADD,TRADD,Human
PNOC,GRM7,Human
PNOC,OPRL1,Human
PNOC,MTNR1A,Human
PRL,PRLR,Human
CCL11,CXCR3,Human
CCL11,CCR3,Human
CCL11,DPP4,Human
CCL11,ACKR1,Human
CCL11,ACKR2,Human
NRTN,RET,Human
NRTN,GFRA2,Human
NRTN,GFRA1,Human
IGF1,INSR,Human
IGF1,IGF2R,Human
INSL5,MTNR1A,Human
INSL5,RXFP4,Human
INSL5,RXFP3,Human
INSL5,GRM7,Human
IL16,GRIN2B,Human
IL16,KCNJ4,Human
IL16,KCNJ15,Human
IL16,KCNA3,Human
IL16,KCNJ10,Human
IL16,KCND2,Human
IL16,GRIN2A,Human
HSPA4,TLR4,Human
PCSK9,VLDLR,Human
PCSK9,LDLR,Human
SEMA3E,PLXND1,Human
IL12A,IL12RB1,Human
IL12A,CD28,Human
TRH,TRHR,Human
DEFB4A,CCR6,Human
DEFB4A,TLR4,Human
CD14,ITGA4,Human
CD14,ITGB1,Human
CD14,TLR6,Human
CD14,TLR9,Human
CD14,ITGB2,Human
CD14,TLR4,Human
CD14,TLR1,Human
COL3A1,DDR2,Human
COL3A1,ITGB1,Human
COL3A1,MAG,Human
COL3A1,DDR1,Human
IL13,IL13RA2,Human
IL13,TMEM219,Human
IL13,IL2RG,Human
IL13,IL13RA1,Human
IL13,IL4R,Human
NLGN2,NRXN1,Human
NLGN2,NRXN3,Human
NLGN2,MDGA1,Human
CXCL10,DPP4,Human
CXCL10,SDC4,Human
CXCL10,CXCR3,Human
CXCL10,CCR3,Human
CXCL10,GRM7,Human
BMP1,BMPR2,Human
BMP1,BMPR1A,Human
BMP1,BMPR1B,Human
FGB,ITGAM,Human
FGB,ITGB1,Human
FGB,ITGB3,Human
FGB,ITGB2,Human
FGB,TLR4,Human
FGA,ITGAM,Human
FGA,ITGAX,Human
FGA,ITGB1,Human
FGA,PLAUR,Human
FGA,ITGB3,Human
FGA,CDH5,Human
FGA,ITGB2,Human
FGA,TLR4,Human
FGA,ITGAD,Human
CXCL8,SDC1,Human
CXCL8,SDC3,Human
CXCL8,SDC2,Human
CXCL8,ACKR1,Human
CXCL8,CXCR2,Human
CXCL8,GRM7,Human
SEMA4C,PLXNB2,Human
CXCL11,DPP4,Human
CXCL11,CXCR3,Human
CXCL11,CCR3,Human
CXCL11,ACKR1,Human
CXCL11,GRM7,Human
PRND,RPSA,Human
HAS2,HMMR,Human
HAS2,CD44,Human
NPTX1,NPTXR,Human
RGMB,HJV,Human
RGMB,BMPR2,Human
RGMB,NEO1,Human
RGMB,BMPR1B,Human
F2,GP1BB,Human
F2,F2R,Human
F2,THBD,Human
F2,GP1BA,Human
INHBC,ACVR2B,Human
INHBC,ACVR1B,Human
CCL19,CCR10,Human
CCL19,CXCR3,Human
CCL19,GRM7,Human
CCL19,ACKR2,Human
CCL19,CCRL2,Human
PLG,ITGAM,Human
PLG,ITGB1,Human
PLG,PLAUR,Human
PLG,ITGB2,Human
PLG,F2R,Human
PLG,IGF2R,Human
PLG,F3,Human
CLCF1,CNTFR,Human
CLCF1,CRLF1,Human
CLCF1,IL6ST,Human
CSHL1,GHR,Human
LPL,GPIHBP1,Human
LPL,CD44,Human
LPL,SDC1,Human
LPL,VLDLR,Human
EFEMP2,AQP1,Human
EFEMP2,PLSCR4,Human
ADAM17,MUC1,Human
ADAM17,ITGB1,Human
ADAM17,RHBDF2,Human
ADAM17,IL6R,Human
ADAM17,MET,Human
ADAM17,ERBB4,Human
VEGFB,RET,Human
FGF5,FGFR2,Human
FGF5,FGFR1,Human
FGF5,FGFR3,Human
LEP,LEPR,Human
GH1,GHR,Human
GH1,PRLR,Human
GNAI2,LPAR3,Human
GNAI2,S1PR5,Human
GNAI2,EDNRA,Human
GNAI2,ADORA1,Human
GNAI2,C5AR1,Human
GNAI2,ADRA2B,Human
GNAI2,F2R,Human
GNAI2,FPR1,Human
GNAI2,S1PR3,Human
GNAI2,OPRM1,Human
GNAI2,UNC5B,Human
GNAI2,CAV1,Human
GNAI2,PTPRU,Human
GNAI2,TBXA2R,Human
GNAI2,CXCR3,Human
GNAI2,EDNRB,Human
GNAI2,CXCR2,Human
GNAI2,DRD2,Human
GNAI2,ADCY7,Human
GNAI2,TSHR,Human
GNAI2,AGTR2,Human
GNAI2,CNR1,Human
ANGPT2,TIE1,Human
ANGPT2,TEK,Human
TLN1,ITGB3,Human
CSH1,PRLR,Human
AGTRAP,RACK1,Human
PKM,CD44,Human
CALR,MPL,Human
CALR,TSHR,Human
DEFB103A,CCR6,Human
TAC1,TACR2,Human
LPA,ITGAM,Human
LPA,LPAR3,Human
LPA,ITGB2,Human
LPA,LPAR1,Human
LPA,LPAR4,Human
LPA,LPAR2,Human
FGF8,FGFR2,Human
FGF8,FGFRL1,Human
FGF8,FGFR1,Human
FGF8,FGFR3,Human
FGF13,FGFR1,Human
FGF13,SCN5A,Human
FGF13,FGFR2,Human
FGF13,FGFR3,Human
FGF13,SCN8A,Human
MMP1,CD44,Human
PENK,OPRM1,Human
PENK,GRM7,Human
LAMA3,ITGB1,Human
DEFB103B,CCR6,Human
SEMA6D,TREM2,Human
SEMA6D,PLXNA1,Human
MTMR4,SMAD3,Human
WNT11,MUSK,Human
WNT11,KLRG2,Human
FBN1,ITGB3,Human
FBN1,ITGB1,Human
PSEN1,NOTCH4,Human
PSEN1,CD44,Human
BGN,TLR4,Human
BGN,TLR1,Human
BMP8A,BMPR2,Human
BMP8A,BMPR1A,Human
BMP8A,BMPR1B,Human
CSF1,SIRPA,Human
IZUMO1,CD9,Human
IZUMO1,IZUMO1R,Human
P4HB,MTTP,Human
JAG2,NOTCH4,Human
EFNA5,EPHB6,Human
EFNA5,EPHA7,Human
EFNA5,EPHA10,Human
EFNA5,EPHA3,Human
EFNA5,EPHA5,Human
EFNA5,EPHB1,Human
EFNA5,EPHB2,Human
EFNA5,EPHA6,Human
EFNA5,EPHA2,Human
NXPH3,NRXN1,Human
NXPH3,NRXN3,Human
SERPINA7,SLC16A2,Human
NPW,NPBWR2,Human
NPW,GRM7,Human
NPW,NPBWR1,Human
CTHRC1,FZD5,Human
CTHRC1,FZD6,Human
CTHRC1,FZD3,Human
CNTN2,CNTNAP2,Human
CNTN2,CNTN1,Human
CNTN2,NRCAM,Human
BCAN,NRCAM,Human
GAST,CCKBR,Human
FBLN1,ITGB1,Human
CALCA,ADCYAP1R1,Human
CALCA,CALCRL,Human
CALCA,GPR84,Human
CALCA,CALCR,Human
CALCA,GPR20,Human
CALCA,ADRB3,Human
CALCA,TSHR,Human
COL4A5,CD47,Human
COL4A5,ITGB1,Human
SLIT3,ROBO2,Human
SLIT3,ROBO1,Human
PMCH,GRM7,Human
COL7A1,ITGB1,Human
NPB,NPBWR2,Human
NPB,GRM7,Human
GH2,GHR,Human
BTLA,VTCN1,Human
BTLA,TNFRSF14,Human
BTLA,CD247,Human
TAC4,TACR2,Human
FGF3,FGFR2,Human
FGF3,FGFR1,Human
FGF3,FGFR3,Human
GHRL,PTGER3,Human
GHRL,TBXA2R,Human
HSP90AA1,ITGB3,Human
HSP90AA1,FGFR3,Human
FGG,ITGB1,Human
FGG,ITGB3,Human
FGG,ITGB2,Human
FGG,TLR4,Human
CXCL14,CXCR4,Human
EDN3,EDNRB,Human
EDN3,KEL,Human
RTN4,TNFRSF19,Human
RTN4,GJB2,Human
RTN4,LINGO1,Human
C1QTNF1,AVPR2,Human
DMP1,PHEX,Human
DMP1,ITGB3,Human
NTN4,DCC,Human
WNT7B,FZD4,Human
WNT7B,TMED5,Human
PTN,SDC1,Human
PTN,SDC3,Human
PTN,PTPRZ1,Human
PTN,PTPRS,Human
PTN,ALK,Human
NCR3LG1,NCR3,Human
COL9A3,ITGB1,Human
COL9A3,MAG,Human
SLPI,PLSCR4,Human
ICAM4,ITGAM,Human
ICAM4,ITGAL,Human
ICAM4,ITGA4,Human
ICAM4,ITGB3,Human
ICAM4,ITGB2,Human
ICAM4,ITGB1,Human
ICAM4,RHAG,Human
TNFSF13,TNFRSF14,Human
TNFSF13,FAS,Human
HMGB1,SDC1,Human
HMGB1,TLR9,Human
HMGB1,THBD,Human
HMGB1,TLR4,Human
HMGB1,CXCR4,Human
HMGB1,AGER,Human
HMGB1,CD163,Human
FYN,SPN,Human
FN1,ITGA4,Human
FN1,ITGB3,Human
FN1,C5AR1,Human
FN1,ITGA6,Human
FN1,ITGA8,Human
FN1,DPP4,Human
FN1,CD44,Human
FN1,ITGB1,Human
FN1,TMPRSS6,Human
FN1,COL13A1,Human
FN1,TSHR,Human
FN1,MAG,Human
COL18A1,ITGB1,Human
COL18A1,ITGB3,Human
COL18A1,GPC4,Human
HP,ITGAM,Human
HP,ITGB2,Human
HP,TLR4,Human
HP,CD163,Human
RSPO1,LGR6,Human
RSPO1,LGR4,Human
RSPO1,ZNRF3,Human
RSPO1,FZD8,Human
RSPO3,LGR6,Human
RSPO3,LGR4,Human
RSPO3,SDC4,Human
RSPO3,FZD8,Human
ADAM15,ITGB1,Human
ADAM15,ITGB3,Human
CALM1,KCNQ3,Human
CALM1,GRM3,Human
CALM1,CALCR,Human
CALM1,GRM4,Human
CALM1,CRHR1,Human
CALM1,GRM7,Human
CALM1,MYLK,Human
CALM1,PDE1A,Human
CALM1,HMMR,Human
CALM1,ADCYAP1R1,Human
CALM1,OPRM1,Human
CALM1,RYR2,Human
CALM1,GLP1R,Human
CALM1,PDE1C,Human
CALM1,TRPC3,Human
CALM1,SCN10A,Human
CALM1,AQP6,Human
CALM1,PTPRA,Human
CALM1,MYLK2,Human
CALM1,SCN4A,Human
COL9A1,ITGB1,Human
COL9A1,MAG,Human
GIP,ADCYAP1R1,Human
GIP,GIPR,Human
GIP,DPP4,Human
GIP,TSHR,Human
GIP,GPR20,Human
GIP,GPR84,Human
APOA4,LDLR,Human
SEMA4F,NRP2,Human
GAD1,GRM4,Human
ITIH2,FCER1A,Human
ALKAL1,ALK,Human
NLGN3,NRXN1,Human
NLGN3,NRXN3,Human
CCL20,CXCR3,Human
CCL20,CCR6,Human
FGF17,FGFR2,Human
FGF17,FGFR1,Human
PYY,NPY5R,Human
PYY,DPP4,Human
PYY,NPY1R,Human
PYY,NPY4R,Human
F8,LDLR,Human
COL4A2,ITGB3,Human
LAMC3,ITGA6,Human
LAMC3,ITGB1,Human
CCL28,ACKR2,Human
CCL28,CCR3,Human
CXCL9,CXCR3,Human
CXCL9,CCR3,Human
COL6A1,ITGB1,Human
COL6A1,ITGA6,Human
TGM2,ITGA4,Human
TGM2,ITGB1,Human
TGM2,ITGB3,Human
TGM2,SDC4,Human
TGM2,TBXA2R,Human
TGM2,ADGRG1,Human
CNTF,CNTFR,Human
CNTF,IL6R,Human
CNTF,IL6ST,Human
AGT,AGTR1,Human
AGT,AGTR2,Human
DLL1,NOTCH4,Human
THBS2,ITGA4,Human
THBS2,ITGB1,Human
THBS2,ITGB3,Human
THBS2,NOTCH4,Human
THBS2,ITGA6,Human
THBS2,CD36,Human
LEFTY2,ACVR1B,Human
TGFB2,ENG,Human
TGFB2,TGFBR1,Human
C4BPA,BMPR2,Human
C4BPA,CD40,Human
VIP,ADCYAP1R1,Human
VIP,GPR84,Human
VIP,GPR20,Human
VIP,TSHR,Human
CFH,ITGAM,Human
PTGS2,ALOX5,Human
FASLG,TNFRSF6B,Human
XCL1,ADGRV1,Human
CCN2,ITGAM,Human
CCN2,NTRK1,Human
CCN2,ITGB2,Human
APOA2,LDLR,Human
SEMA4A,PLXNB2,Human
SEMA4A,PLXNB3,Human
EFNA1,EPHB6,Human
EFNA1,EPHA7,Human
EFNA1,EPHA10,Human
EFNA1,EPHA5,Human
EFNA1,EPHB1,Human
EFNA1,EPHA6,Human
EFNA3,EPHB6,Human
EFNA3,EPHA7,Human
EFNA3,EPHA10,Human
EFNA3,EPHA5,Human
EFNA3,EPHB1,Human
EFNA3,EPHA6,Human
ADAM12,ITGB1,Human
ADAM12,SDC4,Human
S100A8,ITGB2,Human
S100A8,TLR4,Human
S100A8,CD36,Human
S100A8,AGER,Human
S100A12,TLR4,Human
S100A12,CD36,Human
S100A9,ITGB2,Human
S100A9,TLR4,Human
S100A9,CD36,Human
S100A9,AGER,Human
NGF,NTRK1,Human
NGF,SORCS2,Human
NGF,TRPV1,Human
NGF,MAGED1,Human
NGF,BEX3,Human
NGF,SORCS3,Human
WNT2B,FZD4,Human
L1CAM,FGFR2,Human
L1CAM,EPHB2,Human
L1CAM,CNTN1,Human
COL11A1,ITGB1,Human
COL11A1,DDR1,Human
CD40LG,ITGAM,Human
CD40LG,CD40,Human
CD40LG,ITGB2,Human
CD40LG,TRAF3,Human
BMP5,BMPR2,Human
BMP5,BMPR1A,Human
BMP5,BMPR1B,Human
ITGB3BP,ITGB3,Human
GNAS,CRHR1,Human
GNAS,GLP1R,Human
GNAS,GCGR,Human
GNAS,ADCY7,Human
GNAS,TSHR,Human
ANGPTL3,ITGB3,Human
RBP4,STRA6,Human
COL5A1,ITGB1,Human
CEL,CXCR4,Human
SFTPD,SIRPA,Human
SFTPD,TLR4,Human
MMP9,ITGAM,Human
MMP9,RECK,Human
MMP9,CD44,Human
MMP9,ITGB2,Human
MMP9,EPHB2,Human
EDN2,EDNRB,Human
SPTAN1,PTPRA,Human
COL9A2,ITGB1,Human
COL9A2,MAG,Human
PLAU,ITGAM,Human
PLAU,VLDLR,Human
PLAU,ITGB1,Human
PLAU,ITGB2,Human
BMP8B,BMPR2,Human
BMP8B,BMPR1B,Human
ANGPTL2,LILRB2,Human
GHRH,ADCYAP1R1,Human
GHRH,GPR20,Human
GHRH,TSHR,Human
GHRH,GPR84,Human
COL16A1,ITGB1,Human
TNFSF15,TNFRSF25,Human
GDF5,ROR2,Human
GDF5,BMPR2,Human
GDF5,BMPR1B,Human
EDA,EDA2R,Human
HSPG2,SDC1,Human
HSPG2,ITGB1,Human
HSPG2,COL13A1,Human
HSPG2,FGFR1,Human
COL5A2,ITGB1,Human
COL5A2,DDR1,Human
F10,ITGAM,Human
F10,ITGB2,Human
SYK,LAT,Human
COL4A1,ITGB1,Human
FGF14,FGFR2,Human
FGF14,FGFR1,Human
HLA-C,LILRB2,Human
HLA-C,CD3G,Human
HLA-C,KIR3DL1,Human
HLA-E,KLRC2,Human
HLA-E,KLRD1,Human
HLA-E,KIR3DL1,Human
HLA-E,KLRC1,Human
ANXA1,FPR2,Human
ANXA1,FPR1,Human
ANXA1,DYSF,Human
IL31,IL31RA,Human
CORT,SSTR3,Human
ACTR2,LDLR,Human
NDP,FZD4,Human
NDP,LGR4,Human
CCL7,CCR3,Human
CCL7,ACKR2,Human
GDF9,BMPR1B,Human
BMP2,BMPR1B,Human
AGRN,ITGB1,Human
AGRN,ATP1A3,Human
INSL3,ADCYAP1R1,Human
INSL3,TSHR,Human
INSL3,GPR84,Human
INSL3,RXFP1,Human
AVP,ADCYAP1R1,Human
AVP,LDLR,Human
AVP,GPR84,Human
AVP,TSHR,Human
UCN3,CRHR1,Human
SHBG,CLDN4,Human
COL2A1,ITGB1,Human
COL2A1,MAG,Human
COL2A1,DDR1,Human
RLN2,ADCYAP1R1,Human
RLN2,TSHR,Human
RLN2,GPR84,Human
RLN2,RXFP1,Human
ZG16B,TLR5,Human
ZG16B,CXCR4,Human
FGF9,FGFR2,Human
FGF9,FGFR1,Human
SEMA5A,PLXNB3,Human
RPH3A,NRXN1,Human
LAMA1,ITGA6,Human
LAMA1,ITGA7,Human
LAMA1,ITGB1,Human
CCL25,ACKR2,Human
LAMB3,CD151,Human
LAMB3,ITGB1,Human
LAMB3,ITGA6,Human
AFDN,EPHB6,Human
AFDN,NRXN3,Human
AFDN,NECTIN3,Human
CSH2,PRLR,Human
IL1F10,IL1R1,Human
CCL8,CCR3,Human
CCL8,ACKR2,Human
COL4A6,ITGB1,Human
CCL26,CCR3,Human
SPP1,ITGA4,Human
SPP1,CD44,Human
SPP1,ITGB1,Human
SPP1,ITGB3,Human
LGALS9,CD44,Human
LGALS9,SLC1A5,Human
ADM2,ADCYAP1R1,Human
ADM2,CALCRL,Human
ADM2,TSHR,Human
ADM2,GPR84,Human
CXCL12,ITGB1,Human
CXCL12,CXCR4,Human
BMP7,BMPR1B,Human
COL4A3,ITGB3,Human
COL4A4,ITGB3,Human
HLA-A,CD3G,Human
CNTN4,PTPRG,Human
TCTN1,TMEM67,Human
PDCD1LG2,PDCD2,Human
NPS,ADCYAP1R1,Human
NPS,GPR84,Human
NPS,TSHR,Human
TNFSF11,TNFRSF11A,Human
DSCAM,DCC,Human
POMC,ADCYAP1R1,Human
POMC,OPRM1,Human
POMC,MC1R,Human
POMC,GPR84,Human
POMC,TSHR,Human
FBLN2,ITGB3,Human
NPY,NPY5R,Human
NXPH1,NRXN1,Human
NXPH1,NRXN3,Human
SAA1,FPR2,Human
SAA1,FPR1,Human
MDK,ITGA6,Human
TF,LDLR,Human
TF,TFR2,Human
TF,HFE,Human
ARTN,GFRA2,Human
GCG,ADCYAP1R1,Human
GCG,GPR84,Human
GCG,TSHR,Human
ADIPOQ,GPR42,Human
PTPN6,CD300LF,Human
APLN,APLNR,Human
NLGN1,NRXN3,Human
CLEC2A,KLRF2,Human
C4A,C5AR2,Human
NTF3,NTRK1,Human
RLN3,ADCYAP1R1,Human
RLN3,TSHR,Human
RLN3,GPR84,Human
RLN3,RXFP1,Human
TNF,FFAR2,Human
CCN1,ITGAM,Human
CCN1,ITGB3,Human
HLA-B,CD3G,Human
FGF16,FGFR2,Human
LAMA2,ITGA7,Human
CCL24,CCR3,Human
CCL24,ACKR2,Human
HRAS,AGTR1,Human
GDNF,GFRA2,Human
HLA-G,KLRC1,Human
EFNA4,EPHA5,Human
ICAM2,ITGAM,Human
FSHB,ADCYAP1R1,Human
FSHB,TSHR,Human
FSHB,GPR84,Human
RARRES2,CMKLR2,Human
LRPAP1,LDLR,Human
C1QTNF5,MFRP,Human
HSPA8,LDLR,Human
CALCB,ADCYAP1R1,Human
CALCB,TSHR,Human
CALCB,GPR84,Human
ADM,ADCYAP1R1,Human
ADM,TSHR,Human
ADM,GPR84,Human
PTHLH,ADCYAP1R1,Human
PTHLH,GPR84,Human
ADCYAP1,ADCYAP1R1,Human
CGA,ADCYAP1R1,Human
S100A10,CFTR,Human
SHANK2,CFTR,Human
HSP90AA1,CFTR,Human
PLAU,ITGA3,Human
LAMA3,ITGA3,Human
LAMA4,ITGA3,Human
LAMA2,ITGA3,Human
LAMA1,ITGA3,Human
LGALS8,ITGA3,Human
NID1,ITGA3,Human
LAMC3,ITGA3,Human
THBS1,ITGA3,Human
CALR,ITGA3,Human
TIMP2,ITGA3,Human
RELN,ITGA3,Human
LAMB2,ITGA3,Human
COL4A3,ITGA3,Human
LAMA5,ITGA3,Human
ADAM9,ITGA3,Human
LAMC1,ITGA3,Human
LAMB3,ITGA3,Human
COL18A1,ITGA3,Human
VTN,ITGA3,Human
LAMB1,ITGA3,Human
LAMC2,ITGA3,Human
FN1,ITGA3,Human
S100A4,PGLYRP1,Human
MIF,CD74,Human
APP,CD74,Human
HLA-G,CD4,Human
CXCL12,CD4,Human
SLPI,CD4,Human
PIP,CD4,Human
IL16,CD4,Human
CPAMD8,SCTR,Human
ADCYAP1,SCTR,Human
VIP,SCTR,Human
SCT,SCTR,Human
CALM1,SCTR,Human
RTN4,RTN4R,Human
OMG,RTN4R,Human
TNFSF13,TNFRSF17,Human
TNFSF13B,TNFRSF17,Human
CD70,TNFRSF17,Human
ST6GAL1,CD22,Human
HP,CD22,Human
CALM2,KCNQ1,Human
CALML3,KCNQ1,Human
CALM1,KCNQ1,Human
CALM3,KCNQ1,Human
FASLG,TNFRSF1A,Human
LTA,TNFRSF1A,Human
TNF,TNFRSF1A,Human
TNFSF13,TNFRSF1A,Human
LTB,TNFRSF1A,Human
EFNA3,EPHA8,Human
EFNA1,EPHA8,Human
EFNA2,EPHA8,Human
EFNA5,EPHA8,Human
EFNA4,EPHA8,Human
IL2,NGFR,Human
RTN4,NGFR,Human
NTF4,NGFR,Human
NTF3,NGFR,Human
OMG,NGFR,Human
APP,NGFR,Human
BDNF,NGFR,Human
NGF,NGFR,Human
NTS,NGFR,Human
BDNF,DRD4,Human
PYY,FAP,Human
NPY,FAP,Human
CD99,PILRA,Human
LAMA3,ITGB4,Human
LAMA2,ITGB4,Human
LAMC3,ITGB4,Human
LAMB2,ITGB4,Human
LAMA5,ITGB4,Human
LAMC1,ITGB4,Human
LAMA1,ITGB4,Human
LAMB3,ITGB4,Human
LAMB1,ITGB4,Human
LAMC2,ITGB4,Human
TGFB1,TGFBR3,Human
FGF1,TGFBR3,Human
TGFB3,TGFBR3,Human
INHA,TGFBR3,Human
TGFB2,TGFBR3,Human
INHBA,TGFBR3,Human
IL2,IL2RB,Human
IL15,IL2RB,Human
KNG1,BDKRB1,Human
PROC,PROCR,Human
PF4,PROCR,Human
PROK2,PROKR2,Human
PROK1,PROKR2,Human
FAM3C,GLRA2,Human
IL16,KCND1,Human
GHRL,MLNR,Human
MLN,MLNR,Human
TNFSF10,TNFRSF10A,Human
COL2A1,TNFRSF10A,Human
RIMS1,SLC17A7,Human
APP,APLP1,Human
BTLA,CD79A,Human
CXCL8,CD79A,Human
FN1,CD79A,Human
KLK3,EPOR,Human
KITLG,EPOR,Human
EPO,EPOR,Human
LAMA1,ITGB8,Human
VTN,ITGB8,Human
COL4A1,ITGB8,Human
FN1,ITGB8,Human
APP,TSPAN12,Human
ADAM10,TSPAN12,Human
PLG,PLGRKT,Human
C1QB,C1QBP,Human
GNRH2,GNRHR,Human
GNRH1,GNRHR,Human
HBEGF,CD82,Human
IL22,IL10RA,Human
IL10,IL10RA,Human
S100A8,CD69,Human
TNFSF14,LTBR,Human
LTA,LTBR,Human
LTB,LTBR,Human
WNT7B,FZD10,Human
WNT7A,FZD10,Human
CLEC2D,KLRB1,Human
IL33,IL1RL1,Human
KISS1,KISS1R,Human
PDYN,OPRD1,Human
GNAI2,OPRD1,Human
POMC,OPRD1,Human
CXCL13,OPRD1,Human
PENK,OPRD1,Human
CALM2,SELL,Human
PODXL2,SELL,Human
VCAN,SELL,Human
CD34,SELL,Human
MUC7,SELL,Human
CALM1,SELL,Human
PODXL,SELL,Human
CALM3,SELL,Human
CFH,SELL,Human
NPY,PRLHR,Human
HLA-E,KLRK1,Human
MICB,KLRK1,Human
MICA,KLRK1,Human
RAET1L,KLRK1,Human
ULBP2,KLRK1,Human
ULBP3,KLRK1,Human
RAET1E,KLRK1,Human
RAET1G,KLRK1,Human
GHRL,GHSR,Human
CORT,GHSR,Human
INHBC,ACVR2A,Human
GDF9,ACVR2A,Human
BMP7,ACVR2A,Human
CFC1,ACVR2A,Human
NODAL,ACVR2A,Human
BMP15,ACVR2A,Human
BMP10,ACVR2A,Human
GDF7,ACVR2A,Human
LEFTY1,ACVR2A,Human
INHA,ACVR2A,Human
INHBA,ACVR2A,Human
GDF1,ACVR2A,Human
INHBB,ACVR2A,Human
INHBE,ACVR2A,Human
LEFTY2,ACVR2A,Human
GDF2,ACVR2A,Human
TDGF1,ACVR2A,Human
BMP2,ACVR2A,Human
BMP6,ACVR2A,Human
GDF11,ACVR2A,Human
GDF5,ACVR2A,Human
FLT3LG,FLT3,Human
ADCYAP1,RAMP3,Human
GHRH,RAMP3,Human
CALCA,RAMP3,Human
ADM,RAMP3,Human
CGA,RAMP3,Human
GCG,RAMP3,Human
TSHB,RAMP3,Human
PTH2,RAMP3,Human
AVP,RAMP3,Human
VIP,RAMP3,Human
PTH,RAMP3,Human
ADM2,RAMP3,Human
PTHLH,RAMP3,Human
NPS,RAMP3,Human
FSHB,RAMP3,Human
POMC,RAMP3,Human
RLN2,RAMP3,Human
CALCB,RAMP3,Human
RLN3,RAMP3,Human
GIP,RAMP3,Human
CRH,RAMP3,Human
INSL3,RAMP3,Human
CD55,ADGRE5,Human
CALM2,PDE1B,Human
CALM1,PDE1B,Human
CALM3,PDE1B,Human
APOA2,LRP1,Human
AGRN,LRP1,Human
GPC3,LRP1,Human
PDGFB,LRP1,Human
A2M,LRP1,Human
APOC2,LRP1,Human
SERPINA1,LRP1,Human
SERPINE2,LRP1,Human
HSPG2,LRP1,Human
MMP13,LRP1,Human
APOE,LRP1,Human
PCSK9,LRP1,Human
MMP9,LRP1,Human
HSP90B1,LRP1,Human
MDK,LRP1,Human
PLAU,LRP1,Human
LRPAP1,LRP1,Human
C3,LRP1,Human
FCN2,LRP1,Human
THBS1,LRP1,Human
HSP90AA1,LRP1,Human
APOA4,LRP1,Human
CALR,LRP1,Human
C1QB,LRP1,Human
C4BPA,LRP1,Human
VWF,LRP1,Human
F8,LRP1,Human
CCN2,LRP1,Human
HPX,LRP1,Human
APP,LRP1,Human
LPL,LRP1,Human
LIPC,LRP1,Human
PF4,LRP1,Human
PSAP,LRP1,Human
WNT3A,LRP1,Human
NODAL,ACVR1C,Human
INHBB,ACVR1C,Human
TDGF1,ACVR1C,Human
POMC,MC3R,Human
ASIP,MC3R,Human
AGRP,MC3R,Human
IL9,IL9R,Human
APP,PTGER2,Human
F12,CD93,Human
COL4A3,CD93,Human
COL4A6,CD93,Human
COL4A5,CD93,Human
KNG1,CD93,Human
SFTPA2,CD93,Human
COL4A2,CD93,Human
COL4A4,CD93,Human
MBL2,CD93,Human
COL1A2,CD93,Human
COL4A1,CD93,Human
C1QA,CD93,Human
GNAI2,S1PR4,Human
KISS1,MMP24,Human
IGFL2,IGFLR1,Human
IGFL1,IGFLR1,Human
IGFL3,IGFLR1,Human
CCL21,CCR7,Human
CCL19,CCR7,Human
HLA-B,CANX,Human
TNFSF4,TRAF2,Human
TNF,TRAF2,Human
FADD,TRAF2,Human
GSTP1,TRAF2,Human
F2,F2RL3,Human
PMCH,MCHR1,Human
GAL,GALR3,Human
GALP,GALR3,Human
NTNG2,LRRC4,Human
WNT4,SMO,Human
BMP2,SMO,Human
SHH,SMO,Human
CCL5,ACKR4,Human
CCL11,ACKR4,Human
CCL21,ACKR4,Human
CCL25,ACKR4,Human
CCL7,ACKR4,Human
CXCL13,ACKR4,Human
CCL19,ACKR4,Human
CCL8,ACKR4,Human
S100A9,CD68,Human
S100A8,CD68,Human
PDGFB,ART1,Human
HLA-A,LILRA1,Human
HLA-C,LILRA1,Human
HLA-B,LILRA1,Human
AFDN,NECTIN2,Human
AGT,MAS1,Human
ADCYAP1,RAMP2,Human
GHRH,RAMP2,Human
CALCA,RAMP2,Human
ADM,RAMP2,Human
CGA,RAMP2,Human
GCG,RAMP2,Human
TSHB,RAMP2,Human
PTH2,RAMP2,Human
AVP,RAMP2,Human
VIP,RAMP2,Human
PTH,RAMP2,Human
ADM2,RAMP2,Human
PTHLH,RAMP2,Human
NPS,RAMP2,Human
FSHB,RAMP2,Human
POMC,RAMP2,Human
RLN2,RAMP2,Human
CALCB,RAMP2,Human
RLN3,RAMP2,Human
GIP,RAMP2,Human
CRH,RAMP2,Human
INSL3,RAMP2,Human
CALCA,RAMP1,Human
ADM,RAMP1,Human
VIP,RAMP1,Human
ADM2,RAMP1,Human
CALCB,RAMP1,Human
GUCA2B,GUCY2D,Human
CLEC3A,CLEC10A,Human
SST,SSTR4,Human
CORT,SSTR4,Human
NMS,NMUR2,Human
NMU,NMUR2,Human
ARF1,CHRM3,Human
VEGFC,LYVE1,Human
PCSK9,SORT1,Human
NGF,SORT1,Human
LRPAP1,SORT1,Human
BDNF,SORT1,Human
PSAP,SORT1,Human
DLK1,NOTCH2,Human
DLL1,NOTCH2,Human
MFNG,NOTCH2,Human
PSEN1,NOTCH2,Human
ADAM10,NOTCH2,Human
APP,NOTCH2,Human
JAG2,NOTCH2,Human
NGF,KIDINS220,Human
HDC,HRH4,Human
CCL16,HRH4,Human
GNAI2,MTNR1B,Human
DSC3,DSG3,Human
DSC1,DSG3,Human
DSC3,DSG1,Human
DSC2,DSG1,Human
DSC1,DSG1,Human
PDGFC,PDGFRA,Human
PDGFB,PDGFRA,Human
PDGFD,PDGFRA,Human
PDGFA,PDGFRA,Human
FGF19,KLB,Human
FGF21,KLB,Human
LAMA1,NT5E,Human
FN1,NT5E,Human
CALM1,MIP,Human
NMB,NMBR,Human
EDA,EDAR,Human
SEMA7A,PLXNC1,Human
LTA,RIPK1,Human
TNF,RIPK1,Human
CD14,RIPK1,Human
CALR,HLA-F,Human
B2M,HLA-F,Human
HMGB1,TLR2,Human
CCN1,TLR2,Human
HSP90B1,TLR2,Human
BGN,TLR2,Human
SAA1,TLR2,Human
VCAN,TLR2,Human
ZG16B,TLR2,Human
HRAS,TLR2,Human
SFTPA1,TLR2,Human
RNASE2,TLR2,Human
CCN6,SORL1,Human
MDK,SORL1,Human
LRPAP1,SORL1,Human
APP,SORL1,Human
L1CAM,ITGAV,Human
TNC,ITGAV,Human
PLAU,ITGAV,Human
EDIL3,ITGAV,Human
COL4A6,ITGAV,Human
COL4A5,ITGAV,Human
SPP1,ITGAV,Human
NID1,ITGAV,Human
PDGFB,ITGAV,Human
ICAM4,ITGAV,Human
COL4A4,ITGAV,Human
CALR,ITGAV,Human
CCN1,ITGAV,Human
FGG,ITGAV,Human
FGA,ITGAV,Human
COL4A3,ITGAV,Human
MFGE8,ITGAV,Human
FGB,ITGAV,Human
FBN1,ITGAV,Human
AZGP1,ITGAV,Human
ADAM9,ITGAV,Human
VEGFA,ITGAV,Human
ADAM15,ITGAV,Human
COL1A2,ITGAV,Human
ANGPTL3,ITGAV,Human
COL4A1,ITGAV,Human
FN1,ITGAV,Human
CP,SLC40A1,Human
GUCA2B,GUCY2C,Human
GUCA2A,GUCY2C,Human
SOSTDC1,LRP6,Human
IGFBP4,LRP6,Human
RSPO1,LRP6,Human
PTH,LRP6,Human
WNT1,LRP6,Human
RSPO3,LRP6,Human
WNT2,LRP6,Human
WNT9B,LRP6,Human
CCN2,LRP6,Human
SOST,LRP6,Human
APP,LRP6,Human
CKLF,LRP6,Human
WNT5A,LRP6,Human
DKK1,LRP6,Human
WNT7A,LRP6,Human
DKK2,LRP6,Human
WNT3A,LRP6,Human
DSC3,DSG2,Human
DSC2,DSG2,Human
TNFSF13B,TNFRSF13B,Human
TNFSF13,TNFRSF13B,Human
SAA1,SCARB1,Human
PDGFC,PDGFRB,Human
PDGFB,PDGFRB,Human
PDGFD,PDGFRB,Human
MFGE8,PDGFRB,Human
PDGFA,PDGFRB,Human
PDGFC,FLT4,Human
VEGFC,FLT4,Human
TNF,FLT4,Human
VEGFD,FLT4,Human
COL1A2,FLT4,Human
FN1,FLT4,Human
ADCYAP1,VIPR2,Human
VIP,VIPR2,Human
LGALS3BP,CD33,Human
IL12A,IL12RB2,Human
ASIP,MGRN1,Human
F2,ITGA2B,Human
ICAM4,ITGA2B,Human
CALR,ITGA2B,Human
FGG,ITGA2B,Human
FGA,ITGA2B,Human
COL2A1,ITGA2B,Human
FGB,ITGA2B,Human
COL1A2,ITGA2B,Human
FN1,ITGA2B,Human
GCG,GLP2R,Human
CALM1,GLP2R,Human
SEMA6D,TYROBP,Human
CALM2,TRPC5,Human
CALM1,TRPC5,Human
CALM3,TRPC5,Human
CALM1,KCNN4,Human
ASIP,ATRN,Human
CALR,SCARF1,Human
ARF1,PLD2,Human
EGF,PLD2,Human
CRISP3,A1BG,Human
HRAS,GRIN2D,Human
IL16,GRIN2D,Human
HSPA1A,GRIN2D,Human
IL27,IL27RA,Human
DLK1,NOTCH3,Human
DLL1,NOTCH3,Human
PSEN1,NOTCH3,Human
THBS2,NOTCH3,Human
SCGB3A1,NOTCH3,Human
JAG2,NOTCH3,Human
CTF1,LIFR,Human
CLCF1,LIFR,Human
CNTF,LIFR,Human
APP,APLP2,Human
HLA-A,APLP2,Human
PCSK9,APLP2,Human
INHBC,ACVR1,Human
BMP7,ACVR1,Human
INHBB,ACVR1,Human
GDF2,ACVR1,Human
BMP2,ACVR1,Human
BMP6,ACVR1,Human
GDF5,ACVR1,Human
TGFB2,ACVR1,Human
GPC3,CD81,Human
CD99,CD81,Human
VCAN,SELP,Human
CD34,SELP,Human
SERPING1,SELP,Human
CD24,SELP,Human
GAS6,TYRO3,Human
PROS1,TYRO3,Human
VEGFA,TYRO3,Human
MDK,LRP2,Human
PLAU,LRP2,Human
LRPAP1,LRP2,Human
ARPC5,LRP2,Human
AGT,LRP2,Human
GC,LRP2,Human
AVP,LRP2,Human
ALB,LRP2,Human
APOA2,LRP2,Human
AGRN,LRP2,Human
GPC3,LRP2,Human
TF,LRP2,Human
INS,LRP2,Human
LPA,LRP2,Human
APOA4,LRP2,Human
EGF,LRP2,Human
CUBN,LRP2,Human
HSPA8,LRP2,Human
SCGB1A1,LRP2,Human
APOC2,LRP2,Human
HSPG2,LRP2,Human
LPL,LRP2,Human
WNT5A,LRP2,Human
SHH,LRP2,Human
LCN2,LRP2,Human
ACTR2,LRP2,Human
LEP,LRP2,Human
PDGFC,KDR,Human
VEGFC,KDR,Human
GREM1,KDR,Human
VEGFD,KDR,Human
TIMP3,KDR,Human
SEMA6D,KDR,Human
CXCL8,KDR,Human
COL18A1,KDR,Human
VEGFA,KDR,Human
TNFSF12,TNFRSF8,Human
AFDN,NECTIN1,Human
WNT5A,MCAM,Human
LAMA1,GPC1,Human
TDGF1,GPC1,Human
BMP2,GPC1,Human
SLIT1,GPC1,Human
NRG1,GPC1,Human
APP,GPC1,Human
SERPINC1,GPC1,Human
COL18A1,GPC1,Human
SLIT2,GPC1,Human
SHH,GPC1,Human
VEGFA,GPC1,Human
CD274,CD80,Human
IL1F10,IL1RL2,Human
IL18,IL1RL2,Human
IL18,IL18RAP,Human
RTN4,CNTNAP1,Human
TNC,ITGA9,Human
VEGFC,ITGA9,Human
ADAM2,ITGA9,Human
PLG,ITGA9,Human
SPP1,ITGA9,Human
F13A1,ITGA9,Human
VEGFD,ITGA9,Human
ADAM12,ITGA9,Human
VCAM1,ITGA9,Human
TGM2,ITGA9,Human
VEGFA,ITGA9,Human
CSF2,ITGA9,Human
ADAM15,ITGA9,Human
FN1,ITGA9,Human
NPPC,NPR3,Human
NPPB,NPR3,Human
OSTN,NPR3,Human
VIP,NPR3,Human
NPPA,NPR3,Human
AGT,ENPEP,Human
VEGFB,NRP1,Human
SEMA3D,NRP1,Human
SEMA3B,NRP1,Human
PGF,NRP1,Human
SEMA3E,NRP1,Human
SEMA4A,NRP1,Human
FGF1,NRP1,Human
CNTN2,NRP1,Human
VEGFA,NRP1,Human
FGF7,NRP1,Human
NXPH1,NRXN2,Human
NLGN2,NRXN2,Human
NXPH3,NRXN2,Human
AFDN,NRXN2,Human
NLGN1,NRXN2,Human
NLGN3,NRXN2,Human
PDYN,OPRK1,Human
POMC,OPRK1,Human
PENK,OPRK1,Human
CALM2,CACNA1C,Human
NCAM1,CACNA1C,Human
RIMS1,CACNA1C,Human
CALM1,CACNA1C,Human
CALM3,CACNA1C,Human
RSPO2,LGR5,Human
RSPO3,LGR5,Human
RSPO1,LGR5,Human
WNT3A,LGR5,Human
VCAM1,ITGB7,Human
FN1,ITGB7,Human
NRG3,ERBB3,Human
NRG1,ERBB3,Human
AREG,ERBB3,Human
L1CAM,ERBB3,Human
TGFA,ERBB3,Human
NRG2,ERBB3,Human
BTC,ERBB3,Human
SCGB1A1,LMBR1L,Human
SST,SSTR1,Human
CORT,SSTR1,Human
GPC3,IGF1R,Human
INS,IGF1R,Human
IGF2,IGF1R,Human
GNAI2,IGF1R,Human
IGF1,IGF1R,Human
CAMP,IGF1R,Human
HSP90B1,ASGR1,Human
HP,ASGR1,Human
S100A4,ERBB2,Human
NRG3,ERBB2,Human
SEMA4D,ERBB2,Human
NRG1,ERBB2,Human
HLA-A,ERBB2,Human
NRG4,ERBB2,Human
HSP90B1,ERBB2,Human
L1CAM,ERBB2,Human
TGFA,ERBB2,Human
NRG2,ERBB2,Human
HSP90AA1,ERBB2,Human
BTC,ERBB2,Human
IFNW1,IFNAR1,Human
IFNA16,IFNAR1,Human
IFNA14,IFNAR1,Human
IFNA17,IFNAR1,Human
IFNA4,IFNAR1,Human
IFNA13,IFNAR1,Human
IFNA5,IFNAR1,Human
IFNA1,IFNAR1,Human
IFNB1,IFNAR1,Human
IFNA6,IFNAR1,Human
IFNA10,IFNAR1,Human
IFNA8,IFNAR1,Human
IFNE,IFNAR1,Human
MMP9,IFNAR1,Human
IFNA21,IFNAR1,Human
IFNA2,IFNAR1,Human
IL20,IL22RA1,Human
IL22,IL22RA1,Human
IL24,IL22RA1,Human
TNF,CELSR2,Human
SYK,FCGR2A,Human
CXCL9,FCGR2A,Human
PTPN11,FCRL4,Human
PTPN6,FCRL4,Human
TFF1,FCRL4,Human
PTH,PTH2R,Human
PTHLH,PTH2R,Human
CALM1,PTH2R,Human
CXCL12,ACKR3,Human
CXCL11,ACKR3,Human
IL31,OSMR,Human
NRTN,GFRA3,Human
GDNF,GFRA3,Human
ARTN,GFRA3,Human
BCAN,EGFR,Human
S100A4,EGFR,Human
ZP3,EGFR,Human
NRG1,EGFR,Human
AREG,EGFR,Human
FGF1,EGFR,Human
NRG4,EGFR,Human
ANXA1,EGFR,Human
L1CAM,EGFR,Human
EFEMP1,EGFR,Human
FGL1,EGFR,Human
TGFA,EGFR,Human
ARF4,EGFR,Human
GNAI2,EGFR,Human
ANG,EGFR,Human
FGF13,EGFR,Human
GSTP1,EGFR,Human
HSP90AA1,EGFR,Human
CAMP,EGFR,Human
CNTF,EGFR,Human
BTC,EGFR,Human
CCN2,EGFR,Human
LRIG2,EGFR,Human
EPGN,EGFR,Human
VEGFA,EGFR,Human
CALM1,EGFR,Human
SPINK1,EGFR,Human
CALM3,EGFR,Human
EFNA3,EPHA1,Human
EFNA1,EPHA1,Human
EFNA5,EPHA1,Human
EFNA4,EPHA1,Human
LIN7C,HTR2C,Human
CALM1,HTR2C,Human
FASLG,TNFRSF10B,Human
NTF4,NTRK2,Human
NTF3,NTRK2,Human
BDNF,NTRK2,Human
DLK1,NOTCH1,Human
DLL1,NOTCH1,Human
MFNG,NOTCH1,Human
PSEN1,NOTCH1,Human
TNF,NOTCH1,Human
WNT4,NOTCH1,Human
DLK2,NOTCH1,Human
ADAM17,NOTCH1,Human
MFAP5,NOTCH1,Human
MFAP2,NOTCH1,Human
RBP3,NOTCH1,Human
JAG2,NOTCH1,Human
NTNG2,LRRC4C,Human
NTNG1,LRRC4C,Human
PLAU,ST14,Human
SPINT1,ST14,Human
PDYN,ADRA2A,Human
GNAI2,ADRA2A,Human
AGT,ADRA2A,Human
CXCL12,ADRA2A,Human
CXCL3,ADRA2A,Human
CCL5,ADRA2A,Human
CXCL11,ADRA2A,Human
NMS,ADRA2A,Human
APLN,ADRA2A,Human
SST,ADRA2A,Human
INSL5,ADRA2A,Human
NPY,ADRA2A,Human
CCL25,ADRA2A,Human
POMC,ADRA2A,Human
SAA1,ADRA2A,Human
CXCL8,ADRA2A,Human
PYY,ADRA2A,Human
CCL16,ADRA2A,Human
CXCL2,ADRA2A,Human
CXCL13,ADRA2A,Human
CXCL10,ADRA2A,Human
PPBP,ADRA2A,Human
PMCH,ADRA2A,Human
CXCL5,ADRA2A,Human
CCL19,ADRA2A,Human
PNOC,ADRA2A,Human
APP,ADRA2A,Human
CXCL1,ADRA2A,Human
NPB,ADRA2A,Human
PPY,ADRA2A,Human
CXCL9,ADRA2A,Human
CXCL16,ADRA2A,Human
CCL20,ADRA2A,Human
NPW,ADRA2A,Human
PENK,ADRA2A,Human
CCL28,ADRA2A,Human
RLN3,ADRA2A,Human
PF4,ADRA2A,Human
CORT,ADRA2A,Human
ANXA1,ADRA2A,Human
PMCH,MCHR2,Human
EFNA3,EPHA4,Human
EFNA1,EPHA4,Human
EFNA5,EPHA4,Human
EFNA4,EPHA4,Human
PDGFC,FLT1,Human
VEGFC,FLT1,Human
PLG,FLT1,Human
PGF,FLT1,Human
VEGFD,FLT1,Human
VEGFB,FLT1,Human
VEGFA,FLT1,Human
SORBS1,ITGA1,Human
COL4A6,ITGA1,Human
COL4A5,ITGA1,Human
LAMA2,ITGA1,Human
LAMA1,ITGA1,Human
COL6A1,ITGA1,Human
COL4A4,ITGA1,Human
COL5A1,ITGA1,Human
COL6A2,ITGA1,Human
COL4A3,ITGA1,Human
COL2A1,ITGA1,Human
VEGFD,ITGA1,Human
COL6A3,ITGA1,Human
COL5A2,ITGA1,Human
COL1A2,ITGA1,Human
MATN1,ITGA1,Human
COL4A1,ITGA1,Human
PLA2G10,PLA2R1,Human
FBN1,ITGB6,Human
FN1,ITGB6,Human
FYN,THY1,Human
SFTPD,LY96,Human
BGN,LY96,Human
WNT11,FZD7,Human
WNT1,FZD7,Human
CSF1,CSF1R,Human
CSF2,CSF1R,Human
IL34,CSF1R,Human
GNAS,ADCY8,Human
GNAI2,ADCY8,Human
CALM1,ADCY8,Human
CALM3,ADCY8,Human
WNT4,FZD1,Human
WNT7B,FZD1,Human
WNT1,FZD1,Human
IL25,IL17RB,Human
B2M,CD1A,Human
GNAS,HTR6,Human
IFNL2,IL10RB,Human
IL22,IL10RB,Human
IFNL1,IL10RB,Human
IL10,IL10RB,Human
IL24,IL10RB,Human
UCN3,IL10RB,Human
IFNL3,IL10RB,Human
PENK,OGFR,Human
PIP,NPTN,Human
GPI,AMFR,Human
TNFSF13B,TNFRSF13C,Human
GHRL,PTGIR,Human
GNAS,PTGIR,Human
DEFB103B,CCR2,Human
CCL11,CCR2,Human
DEFB103A,CCR2,Human
CCL7,CCR2,Human
CCL16,CCR2,Human
CCL24,CCR2,Human
DEFB106A,CCR2,Human
CCL26,CCR2,Human
CCL8,CCR2,Human
GNAI2,CCR5,Human
S100A4,CCR5,Human
CCL5,CCR5,Human
CCL14,CCR5,Human
CCL11,CCR5,Human
CCL3,CCR5,Human
CCL7,CCR5,Human
CCL16,CCR5,Human
CCL3L3,CCR5,Human
IL16,CCR5,Human
CCL4,CCR5,Human
CCL8,CCR5,Human
MDK,GPC2,Human
FGF19,FGFR4,Human
FGF21,FGFR4,Human
FGF3,FGFR4,Human
FGF5,FGFR4,Human
FGF14,FGFR4,Human
FGF11,FGFR4,Human
FGF1,FGFR4,Human
FGF17,FGFR4,Human
FGF16,FGFR4,Human
FGF13,FGFR4,Human
FGF12,FGFR4,Human
FGF9,FGFR4,Human
FGF8,FGFR4,Human
IL16,GRIN2C,Human
L1CAM,ITGA5,Human
PLAU,ITGA5,Human
SPP1,ITGA5,Human
CCN1,ITGA5,Human
FGG,ITGA5,Human
FGA,ITGA5,Human
VEGFD,ITGA5,Human
CCN2,ITGA5,Human
FGB,ITGA5,Human
FBN1,ITGA5,Human
ANGPT1,ITGA5,Human
COL18A1,ITGA5,Human
ADAM15,ITGA5,Human
ADAM17,ITGA5,Human
ANGPTL3,ITGA5,Human
FN1,ITGA5,Human
CORT,SSTR5,Human
GNAS,ADCY9,Human
GNAI2,ADCY9,Human
WNT8A,LRP5,Human
SOST,LRP5,Human
WNT7B,LRP5,Human
WNT8B,LRP5,Human
DKK1,LRP5,Human
PSEN1,NCSTN,Human
CGB5,LHCGR,Human
GNAI2,LHCGR,Human
CGB3,LHCGR,Human
CGA,LHCGR,Human
GNAS,LHCGR,Human
GAS6,MERTK,Human
PROS1,MERTK,Human
CCK,CCKAR,Human
YARS1,CXCR1,Human
GNAI2,CXCR1,Human
CXCL3,CXCR1,Human
CXCL8,CXCR1,Human
CXCL2,CXCR1,Human
PPBP,CXCR1,Human
CXCL5,CXCR1,Human
CXCL1,CXCR1,Human
IL17A,IL17RC,Human
IL17F,IL17RC,Human
FN1,IL17RC,Human
CCL5,CCR1,Human
CCL14,CCR1,Human
CCL3,CCR1,Human
CCL15,CCR1,Human
CCL23,CCR1,Human
CCL7,CCR1,Human
CCL16,CCR1,Human
CCL4,CCR1,Human
CCL26,CCR1,Human
CCL8,CCR1,Human
CCL18,CCR1,Human
PLAU,ITGB5,Human
EDIL3,ITGB5,Human
SORBS1,ITGB5,Human
SPP1,ITGB5,Human
TLN1,ITGB5,Human
COL4A2,ITGB5,Human
CCN1,ITGB5,Human
ADAM9,ITGB5,Human
COL18A1,ITGB5,Human
ITGB3BP,ITGB5,Human
LTBP3,ITGB5,Human
LTBP1,ITGB5,Human
MST1,MST1R,Human
SHH,HHIP,Human
COL4A6,ITGA2,Human
COL4A5,ITGA2,Human
LAMA2,ITGA2,Human
LAMA1,ITGA2,Human
LAMC3,ITGA2,Human
COL6A1,ITGA2,Human
COL4A4,ITGA2,Human
COL11A1,ITGA2,Human
COL6A2,ITGA2,Human
COL4A3,ITGA2,Human
COL2A1,ITGA2,Human
VEGFD,ITGA2,Human
MMP1,ITGA2,Human
HSPG2,ITGA2,Human
LAMB3,ITGA2,Human
CHAD,ITGA2,Human
COL1A2,ITGA2,Human
COL4A1,ITGA2,Human
FN1,ITGA2,Human
COL7A1,ITGA2,Human
COL3A1,ITGA2,Human
F2,F2RL2,Human
PLG,F2RL1,Human
F2,F2RL1,Human
NUCB2,ERAP1,Human
TNF,TNFRSF21,Human
IL22,IL22RA2,Human
GNAS,ADCY1,Human
GNAI2,ADCY1,Human
TNFSF11,TNFRSF11B,Human
TNFSF13,TNFRSF11B,Human
FN1,TNFRSF11B,Human
RLN2,RXFP2,Human
RLN3,RXFP2,Human
INSL3,RXFP2,Human
RIMS1,SLC18A2,Human
CXCL12,AVPR1A,Human
AVP,AVPR1A,Human
VIP,AVPR1A,Human
FAT4,DCHS1,Human
GALP,GALR1,Human
NPY,MC4R,Human
POMC,MC4R,Human
ASIP,MC4R,Human
ADM,GPR182,Human
B2M,CD3D,Human
HLA-A,CD3D,Human
HLA-C,CD3D,Human
HLA-B,CD3D,Human
GAS6,AXL,Human
PROS1,AXL,Human
C4A,C3AR1,Human
PDYN,MTNR1A,Human
GNAI2,MTNR1A,Human
AGT,MTNR1A,Human
CXCL12,MTNR1A,Human
CCL5,MTNR1A,Human
CXCL11,MTNR1A,Human
NMS,MTNR1A,Human
APLN,MTNR1A,Human
NPY,MTNR1A,Human
CCL25,MTNR1A,Human
POMC,MTNR1A,Human
SAA1,MTNR1A,Human
CALR,MTNR1A,Human
CXCL8,MTNR1A,Human
PYY,MTNR1A,Human
CCL16,MTNR1A,Human
CXCL2,MTNR1A,Human
CXCL10,MTNR1A,Human
PMCH,MTNR1A,Human
CCL19,MTNR1A,Human
CXCL1,MTNR1A,Human
NPB,MTNR1A,Human
PPY,MTNR1A,Human
CXCL9,MTNR1A,Human
CCL20,MTNR1A,Human
NPW,MTNR1A,Human
PENK,MTNR1A,Human
CCL28,MTNR1A,Human
RLN3,MTNR1A,Human
CORT,MTNR1A,Human
ANXA1,MTNR1A,Human
SPP1,PTGER4,Human
TAC1,TACR3,Human
TAC3,TACR3,Human
TAC4,TACR3,Human
GNAS,PTGDR,Human
TAC1,TACR1,Human
TAC3,TACR1,Human
TAC4,TACR1,Human
LRPAP1,LRP8,Human
RELN,LRP8,Human
SORBS1,INSR,Human
INS,INSR,Human
AHSG,INSR,Human
ARF1,INSR,Human
GIP,INSR,Human
IGF2,INSR,Human
HRAS,INSR,Human
CALM1,INSR,Human
CD86,CTLA4,Human
F2,GP9,Human
DKK1,KREMEN2,Human
SLIT2,ROBO4,Human
FN1,ROBO4,Human
ACE2,SLC6A19,Human
GHRH,ADRB2,Human
AVP,ADRB2,Human
PTHLH,ADRB2,Human
TF,ADRB2,Human
POMC,ADRB2,Human
RLN2,ADRB2,Human
HSPA8,ADRB2,Human
ADCYAP1,ADRB2,Human
CALCA,ADRB2,Human
ADM,ADRB2,Human
CGA,ADRB2,Human
GCG,ADRB2,Human
VIP,ADRB2,Human
ADM2,ADRB2,Human
NPS,ADRB2,Human
FSHB,ADRB2,Human
CALCB,ADRB2,Human
ACTR2,ADRB2,Human
RLN3,ADRB2,Human
GIP,ADRB2,Human
INSL3,ADRB2,Human
GNAI2,S1PR1,Human
PDGFB,S1PR1,Human
PENK,MRGPRX1,Human
NMS,NMUR1,Human
CD6,ALCAM,Human
S100A9,ALCAM,Human
CALM1,GRM5,Human
TSLP,IL7R,Human
PSAP,GPR37,Human
GNAI2,CHRM1,Human
LAMA3,SDC2,Human
LAMA1,SDC2,Human
TNFSF13,SDC2,Human
HRAS,SDC2,Human
SERPINC1,SDC2,Human
FN1,SDC2,Human
GNAI2,P2RY12,Human
PLAU,MRC2,Human
LGALS9,MRC2,Human
CER1,MRC2,Human
NPY,NPFFR2,Human
CALM1,GP6,Human
CRISP2,CATSPER1,Human
SHBG,GPRC6A,Human
XCL1,XCR1,Human
XCL2,XCR1,Human
CXCL2,XCR1,Human
CD200,CD200R1,Human
CALM1,AQP1,Human
RARRES2,CMKLR1,Human
LGALS9,HAVCR2,Human
C1QA,CSPG4,Human
C4B,CD46,Human
IL20,IL20RA,Human
IL24,IL20RA,Human
IL19,IL20RA,Human
EDN2,EDNRA,Human
EDN3,EDNRA,Human
EDN1,EDNRA,Human
HLA-G,LILRB1,Human
B2M,LILRB1,Human
HLA-A,LILRB1,Human
INS,LILRB1,Human
HLA-C,LILRB1,Human
HLA-B,LILRB1,Human
SEMA4A,PLXND1,Human
SEMA4D,MET,Human
SEMA5A,MET,Human
POMC,MC5R,Human
ASIP,MC5R,Human
TNF,ICOS,Human
ICOSLG,ICOS,Human
CXCL2,CXCR2,Human
CXCL1,CXCR2,Human
CD55,ADGRE2,Human
GHRH,GHRHR,Human
GHRL,GHRHR,Human
IL17A,IL17RA,Human
IL17F,IL17RA,Human
SEMA4B,DCBLD2,Human
GHRH,PTH1R,Human
AVP,PTH1R,Human
PTHLH,PTH1R,Human
POMC,PTH1R,Human
RLN2,PTH1R,Human
ADCYAP1,PTH1R,Human
CALCA,PTH1R,Human
ADM,PTH1R,Human
CGA,PTH1R,Human
GCG,PTH1R,Human
VIP,PTH1R,Human
ADM2,PTH1R,Human
NPS,PTH1R,Human
FSHB,PTH1R,Human
CALCB,PTH1R,Human
RLN3,PTH1R,Human
GIP,PTH1R,Human
INSL3,PTH1R,Human
UTS2B,UTS2R,Human
PDX1,SLC2A2,Human
AVP,OXTR,Human
CD86,CD28,Human
HLA-A,KIR3DL2,Human
HLA-B,KIR3DL2,Human
CCL16,CCR8,Human
CCL4,CCR8,Human
CCL18,CCR8,Human
GHRH,VIPR1,Human
AVP,VIPR1,Human
PTHLH,VIPR1,Human
POMC,VIPR1,Human
RLN2,VIPR1,Human
ADCYAP1,VIPR1,Human
CALCA,VIPR1,Human
ADM,VIPR1,Human
CGA,VIPR1,Human
GCG,VIPR1,Human
VIP,VIPR1,Human
ADM2,VIPR1,Human
GNAS,VIPR1,Human
NPS,VIPR1,Human
FSHB,VIPR1,Human
PTMA,VIPR1,Human
CALM1,VIPR1,Human
CALCB,VIPR1,Human
RLN3,VIPR1,Human
GIP,VIPR1,Human
INSL3,VIPR1,Human
GHRL,GPR39,Human
IFNL2,IFNLR1,Human
IFNL1,IFNLR1,Human
IFNL3,IFNLR1,Human
IL20,IL20RB,Human
IL24,IL20RB,Human
IL19,IL20RB,Human
TNFSF18,TNFRSF18,Human
CALM1,CNGA2,Human
RLN2,RXFP3,Human
RLN3,RXFP3,Human
F11,GP1BA,Human
GALP,GALR2,Human
NPB,NPBWR1,Human
APOD,LEPR,Human
RTN4,RTN4RL1,Human
DKK1,KREMEN1,Human
DKK3,KREMEN1,Human
OBP2A,OR1G1,Human
BSG,SELE,Human
AFDN,EPHB3,Human
CCL25,CCR10,Human
CCL7,CCR10,Human
CCL28,CCR10,Human
NPY,NPY2R,Human
PYY,NPY2R,Human
PPY,NPY2R,Human
CXCL12,CCR4,Human
CCL5,CCR4,Human
CCL3,CCR4,Human
NTN4,UNC5A,Human
PTGS2,PTGDR2,Human
FAM3C,LAMP1,Human
AMELX,LAMP1,Human
CORT,MRGPRX2,Human
POMC,MC2R,Human
ASIP,MC2R,Human
F10,F3,Human
IL6,F3,Human
F7,F3,Human
PTN,PTPRB,Human
PDCD1LG2,PDCD1,Human
CD274,PDCD1,Human
CCK,CCKBR,Human
B2M,KIR2DL1,Human
HLA-A,KIR2DL1,Human
HLA-C,KIR2DL1,Human
BMP5,HJV,Human
RGMA,HJV,Human
BMP2,HJV,Human
EFNA3,EPHA3,Human
EFNA1,EPHA3,Human
EFNA4,EPHA3,Human
IL22,IL21R,Human
NRG1,MS4A4A,Human
CCN1,CAV1,Human
PTGS2,CAV1,Human
HRAS,CAV1,Human
PLAU,PLAUR,Human
MMP12,PLAUR,Human
FN1,PLAUR,Human
BMP8B,PLAUR,Human
WNT5B,KLRG2,Human
HLA-G,KIR2DL4,Human
FGF21,FGFR3,Human
FGF14,FGFR3,Human
FGF1,FGFR3,Human
FGF17,FGFR3,Human
FGF16,FGFR3,Human
FGF12,FGFR3,Human
FGF9,FGFR3,Human
BMP7,ACVR2B,Human
LEFTY2,ACVR2B,Human
GDF2,ACVR2B,Human
BMP2,ACVR2B,Human
GDF5,ACVR2B,Human
NRG1,ADGRL1,Human
LAMB3,COL17A1,Human
UCN3,CRHR2,Human
NPPC,NPR2,Human
NPPB,NPR2,Human
NPPA,NPR2,Human
RGMA,NEO1,Human
TNF,TRADD,Human
ADIPOQ,ADIPOR1,Human
ANXA1,FPR3,Human
B2M,KIR2DL3,Human
HLA-A,KIR2DL3,Human
CXCL9,KIR2DL3,Human
HLA-C,KIR2DL3,Human
HLA-B,KIR2DL3,Human
NRG3,ERBB4,Human
NRG1,ERBB4,Human
NRG4,ERBB4,Human
NRG2,ERBB4,Human
BTC,ERBB4,Human
CCN2,ERBB4,Human
CD5L,CD5,Human
GHRH,ADRB3,Human
AVP,ADRB3,Human
PTHLH,ADRB3,Human
POMC,ADRB3,Human
RLN2,ADRB3,Human
ADCYAP1,ADRB3,Human
ADM,ADRB3,Human
CGA,ADRB3,Human
GCG,ADRB3,Human
VIP,ADRB3,Human
ADM2,ADRB3,Human
GNAS,ADRB3,Human
NPS,ADRB3,Human
FSHB,ADRB3,Human
CALCB,ADRB3,Human
RLN3,ADRB3,Human
GIP,ADRB3,Human
INSL3,ADRB3,Human
DEFB4B,CCR6,Human
IFNW1,IFNAR2,Human
IFNA16,IFNAR2,Human
IFNA14,IFNAR2,Human
IFNA17,IFNAR2,Human
IFNA4,IFNAR2,Human
IFNA13,IFNAR2,Human
IFNA5,IFNAR2,Human
IFNB1,IFNAR2,Human
IFNA6,IFNAR2,Human
IFNA10,IFNAR2,Human
IFNA8,IFNAR2,Human
IFNE,IFNAR2,Human
IFNA21,IFNAR2,Human
IFNA2,IFNAR2,Human
MDK,SDC3,Human
COL5A1,SDC3,Human
SHBG,SLC37A1,Human
CALM1,KCNQ5,Human
CD24,SIGLEC10,Human
LAMA2,RPSA,Human
LAMA1,RPSA,Human
LAMB2,RPSA,Human
F8,ASGR2,Human
HP,ASGR2,Human
EDN2,KEL,Human
EDN1,KEL,Human
NCAM1,GFRA1,Human
GDNF,GFRA1,Human
ARTN,GFRA1,Human
PTPN6,CLEC12A,Human
GDNF,RET,Human
ARTN,RET,Human
VEGFA,RET,Human
TNFSF14,TNFRSF14,Human
LTA,TNFRSF14,Human
FASLG,FAS,Human
TNF,FAS,Human
CALM1,FAS,Human
PIGA,PIGR,Human
ICAM2,ITGAL,Human
PLAU,IGF2R,Human
IGF2,IGF2R,Human
ADIPOQ,ADIPOR2,Human
TNF,PTPRS,Human
HSPG2,PTPRS,Human
RARRES2,CCRL2,Human
CCL5,CCRL2,Human
CORT,SSTR2,Human
CCL25,CCR9,Human
PDYN,GRM7,Human
AGT,GRM7,Human
CXCL12,GRM7,Human
CCL5,GRM7,Human
NMS,GRM7,Human
APLN,GRM7,Human
NPY,GRM7,Human
CCL25,GRM7,Human
POMC,GRM7,Human
SAA1,GRM7,Human
PYY,GRM7,Human
CCL16,GRM7,Human
CXCL2,GRM7,Human
CXCL1,GRM7,Human
PPY,GRM7,Human
CXCL9,GRM7,Human
CCL20,GRM7,Human
CCL28,GRM7,Human
RLN3,GRM7,Human
CORT,GRM7,Human
ANXA1,GRM7,Human
EFNA3,EPHA2,Human
EFNA1,EPHA2,Human
EFNA4,EPHA2,Human
SEMA4D,PLXNB1,Human
SEMA4A,PLXNB1,Human
AVP,AVPR2,Human
GNAS,AVPR2,Human
TGFB2,TGFBR2,Human
S100A10,TRPV6,Human
ADM,CALCR,Human
ADM2,CALCR,Human
CALCB,CALCR,Human
MBL2,CALCR,Human
GSTO1,RYR1,Human
TNFSF13B,TFRC,Human
TF,TFRC,Human
B2M,TFRC,Human
VEGFC,NRP2,Human
SEMA3B,NRP2,Human
VEGFA,NRP2,Human
PGF,NRP2,Human
CXCL2,DPP4,Human
ADCYAP1,DPP4,Human
GCG,DPP4,Human
CXCL9,DPP4,Human
NPPB,DPP4,Human
CXCL12,DPP4,Human
NPY,DPP4,Human
VIP,DPP4,Human
ADA,DPP4,Human
MMP9,TLR9,Human
HRAS,TLR9,Human
NTF3,NTRK3,Human
NPY,NPY1R,Human
PPY,NPY1R,Human
B2M,CD247,Human
COL4A6,CD47,Human
LGALS9,CD47,Human
COL4A4,CD47,Human
COL4A3,CD47,Human
THBS2,CD47,Human
COL4A1,CD47,Human
CD55,CR1,Human
C4A,CR1,Human
C4B,CR1,Human
C1QA,CR1,Human
AVP,AVPR1B,Human
GNAS,ADORA1,Human
PSAP,GPR37L1,Human
AFDN,NECTIN4,Human
ASIP,F11R,Human
AFDN,F11R,Human
CCL5,ACKR1,Human
CCL14,ACKR1,Human
CCL7,ACKR1,Human
CXCL1,ACKR1,Human
CCL8,ACKR1,Human
B2M,CD1B,Human
PSAP,CD1B,Human
RLN3,RXFP4,Human
IL6,IL6R,Human
NPPC,NPR1,Human
NPPB,NPR1,Human
NPPA,NPR1,Human
AFDN,EPHA7,Human
EFNA4,EPHA7,Human
COL2A1,ITGA10,Human
CEACAM16,TECTB,Human
CD58,CD2,Human
CD59,CD2,Human
TNFSF15,TNFRSF6B,Human
TNFSF14,TNFRSF6B,Human
NMB,BRS3,Human
EDN1,ADGRL4,Human
MDK,TSPAN1,Human
GDF9,BMPR1A,Human
BMP7,BMPR1A,Human
BMP8B,BMPR1A,Human
BMP2,BMPR1A,Human
GDF5,BMPR1A,Human
TNFSF13B,CD40,Human
LTB,CD40,Human
ANGPTL2,TIE1,Human
ANGPT4,TIE1,Human
ANGPT1,TIE1,Human
NTF4,BEX3,Human
BDNF,BEX3,Human
MDK,SDC4,Human
CXCL12,SDC4,Human
CCL5,SDC4,Human
LAMA1,SDC4,Human
EFNA4,EPHA10,Human
BMP7,ENG,Human
GDF2,ENG,Human
BMP2,ENG,Human
GCG,GLP1R,Human
TAC3,TACR2,Human
CXCL12,CXCR3,Human
CCL5,CXCR3,Human
CCL7,CXCR3,Human
CCN1,TLR4,Human
HSPA1A,TLR4,Human
IRAK4,TLR4,Human
ZG16B,TLR4,Human
RIMS1,SLC18A3,Human
NPY,NPY4R,Human
PPY,NPY4R,Human
ALOX5AP,ALOX5,Human
AGRN,MUSK,Human
COLQ,MUSK,Human
ADIPOQ,CNR2,Human
CCL4,CNR2,Human
GDF9,BMPR2,Human
BMP7,BMPR2,Human
GDF2,BMPR2,Human
BMP2,BMPR2,Human
RGMA,BMPR2,Human
VEGFA,EPHB2,Human
AFDN,EPHB2,Human
PSAP,AR,Human
PLTP,ABCA1,Human
GDF9,TGFBR1,Human
HLA-C,NOTCH4,Human
LTA,TNFRSF1B,Human
TNF,TNFRSF1B,Human
GDNF,EDNRB,Human
EDN1,EDNRB,Human
ADCYAP1,GPR20,Human
ADM,GPR20,Human
POMC,GPR20,Human
CGA,GPR20,Human
GCG,GPR20,Human
RLN2,GPR20,Human
CALCB,GPR20,Human
AVP,GPR20,Human
RLN3,GPR20,Human
ADM2,GPR20,Human
PTHLH,GPR20,Human
NPS,GPR20,Human
FSHB,GPR20,Human
INSL3,GPR20,Human
NPNT,ITGA8,Human
AGRN,LRP4,Human
NRG1,LGR4,Human
TNFSF11,LGR4,Human
MEPE,PHEX,Human
ANGPT4,TEK,Human
ANGPT1,TEK,Human
COL8A2,SLC4A11,Human
NMB,GRPR,Human
SPTBN2,PTPRA,Human
NCAM1,PTPRA,Human
IRAK4,TLR7,Human
MDK,SDC1,Human
CCL5,SDC1,Human
SLIT2,SDC1,Human
IL6,IL6ST,Human
NPS,NPSR1,Human
LAMA1,TMPRSS6,Human
B2M,KLRC2,Human
HLA-G,KLRD1,Human
B2M,KLRD1,Human
HLA-B,KLRD1,Human
LRPAP1,VLDLR,Human
APOC1,VLDLR,Human
RELN,VLDLR,Human
APOC4,VLDLR,Human
GDF2,ACVRL1,Human
ALKAL2,ALK,Human
MDK,ALK,Human
EFNA4,EPHA6,Human
HLA-G,KIR3DL1,Human
B2M,KIR3DL1,Human
HLA-A,KIR3DL1,Human
HLA-B,KIR3DL1,Human
HLA-G,LILRB2,Human
B2M,LILRB2,Human
HLA-A,LILRB2,Human
INS,LILRB2,Human
HLA-B,LILRB2,Human
CEACAM16,TECTA,Human
MDK,PTPRZ1,Human
QRFP,QRFPR,Human
CCL5,GPR75,Human
TNF,VSIR,Human
VEGFC,ITGB1,Human
LAMA2,ITGB1,Human
LAMB2,ITGB1,Human
NPNT,ITGB1,Human
DSPP,ITGB1,Human
MDK,ITGB1,Human
COL4A4,ITGB1,Human
RELN,ITGB1,Human
COL4A3,ITGB1,Human
ADAM9,ITGB1,Human
CHAD,ITGB1,Human
ANGPT1,ITGB1,Human
VEGFA,ITGB1,Human
SEMA4D,CD72,Human
MDK,ITGA4,Human
IL6,HRH1,Human
CCN1,ITGB2,Human
SPON2,ITGB2,Human
ICAM2,ITGB2,Human
TNF,TRPM2,Human
FGF1,FGFRL1,Human
VEGFA,SIRPA,Human
GCG,GCGR,Human
IFNE,ADGRV1,Human
CGA,FSHR,Human
FSHB,FSHR,Human
NLGN1,NRXN1,Human
SYTL3,NRXN1,Human
LAMA2,ITGA6,Human
ADAM9,ITGA6,Human
ADM,CALCRL,Human
CALCB,CALCRL,Human
SLIT2,DCC,Human
IRAK4,TLR6,Human
FGF21,FGFR1,Human
FGF1,FGFR1,Human
NCAM1,FGFR1,Human
FGF16,FGFR1,Human
FGF12,FGFR1,Human
PDYN,OPRM1,Human
PRG4,CD44,Human
FGF1,CD44,Human
VIM,CD44,Human
RGMA,BMPR1B,Human
VEGFC,CCBE1,Human
SEMA4D,PLXNB2,Human
FGF21,FGFR2,Human
FGF1,FGFR2,Human
NCAM1,FGFR2,Human
FGF12,FGFR2,Human
CXCL17,GPR35,Human
CCL5,ACKR2,Human
CCL14,ACKR2,Human
CCL3,ACKR2,Human
CCL23,ACKR2,Human
CCL3L3,ACKR2,Human
CCL4,ACKR2,Human
SLIT2,ROBO2,Human
B2M,HFE,Human
RGMA,HFE,Human
NCAM1,ROBO1,Human
SLIT2,ROBO1,Human
RGMA,TFR2,Human
PPY,NPY5R,Human
NTF4,NTRK1,Human
B2M,CD3G,Human
B2M,KLRC1,Human
PTHLH,TSHR,Human
ADCYAP1,TSHR,Human
CGA,TSHR,Human
CCL5,CCR3,Human
CCL14,CCR3,Human
CCL3,CCR3,Human
CCL15,CCR3,Human
CCL4,CCR3,Human
CCL18,CCR3,Human
SPON2,ITGAM,Human
GDF10,ACVR1B,Human
ADCYAP1,GPR84,Human
CGA,GPR84,Human
ASIP,MC1R,Human
VEGFA,ITGB3,Human
APELA,APLNR,Human
VEGFA,GRIN2B,Human
Wnt3,Fzd6,Mouse
Wnt3,Egfr,Mouse
Wnt3,Fzd2,Mouse
Wnt3,Lrp5,Mouse
Wnt3,Fzd1,Mouse
Wnt3,Fzd3,Mouse
Wnt3,Fzd8,Mouse
Wnt3,Ror1,Mouse
Wnt3,Lrp6,Mouse
Wnt3,Ror2,Mouse
Wnt3,Fzd5,Mouse
Wnt3,Fzd7,Mouse
Wnt9a,Egfr,Mouse
Wnt9a,Fzd9,Mouse
Wnt9a,Fzd4,Mouse
Wnt9a,Fzd7,Mouse
Fgf23,Fgfr1,Mouse
Fgf23,Fgfr4,Mouse
Fgf23,Fgfr2,Mouse
Fgf23,Fgfr3,Mouse
Fgf23,Kl,Mouse
Fgf6,Fgfr1,Mouse
Fgf6,Fgfr4,Mouse
Fgf6,Fgfr2,Mouse
Fgf6,Fgfr3,Mouse
Ccl2,Ccr4,Mouse
Ccl2,Ccr2,Mouse
Ccl2,Ackr1,Mouse
Ccl2,Ackr2,Mouse
Ccl12,Ccr4,Mouse
Ccl12,Ccr2,Mouse
Cdh1,Itgb7,Mouse
Cdh1,Egfr,Mouse
Cdh1,Fgfr1,Mouse
Cdh1,Ptprj,Mouse
Cdh1,Itgae,Mouse
Cdh1,Ptprm,Mouse
Cdh1,Igf1r,Mouse
Cdh1,Klrg1,Mouse
Ccl11,Ccr2,Mouse
Ccl11,Ccr5,Mouse
Ccl11,Ackr2,Mouse
Ccl11,Cxcr3,Mouse
Ccl11,Ccr3,Mouse
Ccl11,Ackr4,Mouse
Pdgfb,Lrp1,Mouse
Pdgfb,Pdgfra,Mouse
Pdgfb,Pdgfrb,Mouse
Fasl,Fas,Mouse
Il4,Il4ra,Mouse
Il4,Il2ra,Mouse
Il4,Tlr2,Mouse
Il4,Il2rg,Mouse
Il4,Il13ra1,Mouse
Il4,Il13ra2,Mouse
Ccl3,Ccr1,Mouse
Ccl3,Ccr5,Mouse
Ccl3,Ackr2,Mouse
Ccl3,Ccr3,Mouse
Icam4,Itgav,Mouse
Icam4,Itgam,Mouse
S100a4,Egfr,Mouse
S100a4,Erbb2,Mouse
Icam2,Itgal,Mouse
Icam2,Itgam,Mouse
Efnb2,Ephb2,Mouse
Efnb2,Epha3,Mouse
Efnb2,Epha4,Mouse
Efnb2,Ephb3,Mouse
Efnb2,Epha7,Mouse
Efnb2,Ephb4,Mouse
Efnb2,Epha6,Mouse
Efnb2,Ephb6,Mouse
Efnb2,Ephb1,Mouse
Sost,Lrp6,Mouse
Sost,Lrp5,Mouse
Col1a1,Itgb1,Mouse
Col1a1,Cd44,Mouse
Col1a1,Cd93,Mouse
Il16,Grin2c,Mouse
Il16,Kcnj4,Mouse
Il16,Grin2d,Mouse
Il16,Kcna3,Mouse
Il16,Kcnd2,Mouse
Il16,Kcnj15,Mouse
Il16,Kcnd1,Mouse
Il16,Cd4,Mouse
Il16,Kcnj10,Mouse
Angptl4,Gpihbp1,Mouse
Bmp8b,Acvr2b,Mouse
Bmp8b,Bmpr1b,Mouse
Bmp8b,Acvr2a,Mouse
Bmp8b,Tgfbr2,Mouse
Bmp8b,Bmpr2,Mouse
Bmp8b,Bmpr1a,Mouse
Tgfb1,Tgfbr1,Mouse
Tgfb1,Itgb1,Mouse
Tgfb1,Eng,Mouse
Tgfb1,Sdc2,Mouse
Tgfb1,Tgfbr3,Mouse
Tgfb1,Tgfbr2,Mouse
Tgfb1,Itgb8,Mouse
Shh,Cdon,Mouse
Shh,Pvr,Mouse
Shh,Ptch1,Mouse
Shh,Lrp2,Mouse
Shh,Hhip,Mouse
Shh,Gpc1,Mouse
Shh,Gpc6,Mouse
Shh,Cav1,Mouse
Shh,Gas1,Mouse
Shh,Ptch2,Mouse
Pspn,Gfra4,Mouse
Pspn,Ret,Mouse
Lamb1,Itga6,Mouse
Lamb1,Itgb1,Mouse
Efna2,Epha10,Mouse
Efna2,Epha3,Mouse
Efna2,Epha4,Mouse
Efna2,Epha7,Mouse
Efna2,Epha6,Mouse
Efna2,Epha8,Mouse
Efna2,Epha1,Mouse
Efna2,Epha2,Mouse
Efna2,Epha5,Mouse
Ebi3,Il6st,Mouse
Ebi3,Il27ra,Mouse
Comp,Itgav,Mouse
Comp,Notch1,Mouse
Comp,Notch3,Mouse
Comp,Cd47,Mouse
Comp,Itga7,Mouse
Comp,Cd36,Mouse
Tgfb3,Acvr1,Mouse
Tgfb3,Tgfbr1,Mouse
Tgfb3,Eng,Mouse
Tgfb3,Tgfbr3,Mouse
Tgfb3,Tgfbr2,Mouse
Gdf15,Egfr,Mouse
Gdf15,Tgfbr1,Mouse
Gdf15,Ret,Mouse
Gdf15,Tgfbr2,Mouse
Gdf15,Gfral,Mouse
Calr,Scarf1,Mouse
Calr,Lrp1,Mouse
Calr,Mpl,Mouse
Efnb3,Ephb2,Mouse
Efnb3,Epha4,Mouse
Efnb3,Ephb3,Mouse
Efnb3,Ephb6,Mouse
Efnb3,Ephb1,Mouse
Sst,Sstr3,Mouse
Sst,Sstr2,Mouse
Sst,Sstr4,Mouse
Sst,Sstr5,Mouse
Sst,Sstr1,Mouse
Pgf,Flt1,Mouse
Pgf,Nrp1,Mouse
Pgf,Nrp2,Mouse
Pgf,Egfr,Mouse
Ccl24,Ccr2,Mouse
Ccl24,Ackr2,Mouse
Ccl24,Ccr3,Mouse
Zp3,Egfr,Mouse
Zp3,Zp3r,Mouse
Shbg,Gprc6a,Mouse
App,Cd74,Mouse
App,Trpc6,Mouse
App,Dcc,Mouse
App,Lrp8,Mouse
App,Sorcs1,Mouse
App,Lrp4,Mouse
App,Casr,Mouse
App,Lrp2,Mouse
App,Tspan12,Mouse
App,Notch2,Mouse
App,Lrp10,Mouse
App,Gpr3,Mouse
App,Tspan15,Mouse
App,Cd47,Mouse
App,Fpr2,Mouse
App,Tnfrsf21,Mouse
App,Lrp1,Mouse
App,Vldlr,Mouse
App,Adra2a,Mouse
App,Notch1,Mouse
App,Lrp6,Mouse
App,Cav1,Mouse
App,Sorl1,Mouse
App,Drd3,Mouse
Agrp,Mc5r,Mouse
Agrp,Mc3r,Mouse
Agrp,Sdc3,Mouse
Tnfsf14,Ltbr,Mouse
Tnfsf14,Fas,Mouse
Tnfsf14,Tnfrsf14,Mouse
Trh,Trhr,Mouse
Prl7a2,Prlr,Mouse
Prl8a9,Prlr,Mouse
Prl8a1,Prlr,Mouse
Wnt10a,Fzd10,Mouse
Bmp7,Acvr1,Mouse
Bmp7,Acvr2b,Mouse
Bmp7,Bmpr1b,Mouse
Bmp7,Acvr2a,Mouse
Bmp7,Bmpr2,Mouse
Bmp7,Bmpr1a,Mouse
Ccl8,Ccr1,Mouse
Ccl8,Ccr8,Mouse
Ccl8,Ccr2,Mouse
Ccl8,Ccr5,Mouse
Ccl8,Ccr3,Mouse
Rarres2,Ccrl2,Mouse
Timp1,Cd63,Mouse
Timp1,Itgb1,Mouse
Timp1,Lrp1,Mouse
Wnt3a,Fzd2,Mouse
Wnt3a,Fzd3,Mouse
Wnt3a,Fzd8,Mouse
Wnt3a,Ptk7,Mouse
Wnt3a,Fzd6,Mouse
Wnt3a,Lrp5,Mouse
Wnt3a,Apcdd1,Mouse
Wnt3a,Fzd1,Mouse
Wnt3a,Lrp6,Mouse
Wnt3a,Fzd5,Mouse
Wnt3a,Fzd4,Mouse
Wnt3a,Fzd7,Mouse
Psen2,Notch2,Mouse
Wnt2,Fzd2,Mouse
Wnt2,Fzd9,Mouse
Wnt2,Fzd3,Mouse
Wnt2,Fzd8,Mouse
Wnt2,Lrp5,Mouse
Wnt2,Fzd1,Mouse
Wnt2,Fzd5,Mouse
Wnt2,Fzd4,Mouse
Wnt2,Fzd7,Mouse
Bmp5,Bmpr1b,Mouse
Bmp5,Bmpr2,Mouse
Bmp5,Bmpr1a,Mouse
Wnt8a,Fzd1,Mouse
Wnt8a,Ptk7,Mouse
Wnt8a,Lrp6,Mouse
Wnt8a,Fzd5,Mouse
Wnt8a,Fzd4,Mouse
Wnt8a,Fzd7,Mouse
Plg,Lrp2,Mouse
Plg,Plgrkt,Mouse
Plg,Igf2r,Mouse
Csf1,Csf1r,Mouse
Csf1,Flt4,Mouse
Ceacam16,Tectb,Mouse
Ceacam16,Tecta,Mouse
Dll1,Notch4,Mouse
Dll1,Notch2,Mouse
Dll1,Notch1,Mouse
Dll1,Notch3,Mouse
Mmp13,Lrp1,Mouse
Lama5,Itgb4,Mouse
Hspa8,Aqp2,Mouse
Cd34,Sell,Mouse
Cd274,Pdcd1,Mouse
Cd274,Cd80,Mouse
Lnx2,Cd8a,Mouse
Lnx2,Cxadr,Mouse
Il10,Il10ra,Mouse
Il10,Il10rb,Mouse
Prl5a1,Prlr,Mouse
Pyy,Npy5r,Mouse
Pyy,Npy1r,Mouse
Pyy,Dpp4,Mouse
Ppy,Npy2r,Mouse
Vtn,Itgb5,Mouse
Vtn,Itgav,Mouse
Vtn,Itga8,Mouse
Igfbp4,Lrp6,Mouse
Ada,Adora2b,Mouse
Ada,Dpp4,Mouse
Ada,Adora1,Mouse
Mmp9,Ephb2,Mouse
Mmp9,Tlr9,Mouse
Mmp9,Lrp1,Mouse
Mmp9,Tlr4,Mouse
Prl3c1,Prlr,Mouse
Mfng,Notch1,Mouse
Gdf9,Bmpr1b,Mouse
Gdf9,Acvr2a,Mouse
Gdf9,Bmpr2,Mouse
Gdf9,Acvr1c,Mouse
Gdf9,Bmpr1a,Mouse
Wnt9b,Lrp5,Mouse
Wnt9b,Lrp6,Mouse
Wnt9b,Fzd5,Mouse
Tnfsf13,Tnfrsf17,Mouse
Il3,Il2ra,Mouse
Il3,Il4ra,Mouse
Il3,Csf2rb2,Mouse
Il3,Il3ra,Mouse
Csf2,Csf2rb,Mouse
Csf2,Csf2ra,Mouse
Csf2,Sdc2,Mouse
Csf2,Csf1r,Mouse
Csf2,Csf3r,Mouse
Cxcl16,Cxcr6,Mouse
Ccl6,Ccr1,Mouse
Ccl4,Ccr1,Mouse
Ccl4,Ccr8,Mouse
Ccl4,Ccr5,Mouse
Ccl4,Ackr2,Mouse
Ccl4,Ccr3,Mouse
Ccl9,Ccr1,Mouse
Calm3,Grm7,Mouse
Calm3,Scn10a,Mouse
Calm3,Scn4a,Mouse
Calm3,Trpc5,Mouse
Calm3,Kcnq3,Mouse
Calm3,Adcy8,Mouse
Calm3,Mylk,Mouse
Icam5,Itgal,Mouse
Cd70,Cd27,Mouse
Sema6a,Plxna4,Mouse
Sema6a,Plxna2,Mouse
Vip,Npr3,Mouse
Vip,Dpp4,Mouse
Vip,Ramp2,Mouse
Vip,Vipr1,Mouse
Vip,Adcyap1r1,Mouse
Vip,Ramp1,Mouse
Vip,Ramp3,Mouse
Lama4,Itgb1,Mouse
Nts,Sort1,Mouse
Nts,Ntsr1,Mouse
Nts,Ntsr2,Mouse
Ccn2,Egfr,Mouse
Ccn2,Itga5,Mouse
Ccn2,Ntrk1,Mouse
Ccn2,Fgfr2,Mouse
Ccn2,Lrp6,Mouse
Ccn2,Itgam,Mouse
Ccn2,Lrp1,Mouse
Hsp90b1,Tlr9,Mouse
Hsp90b1,Lrp1,Mouse
Hsp90b1,Tlr2,Mouse
Hsp90b1,Tlr4,Mouse
Hsp90b1,Lrp6,Mouse
Fgf18,Fgfr1,Mouse
Fgf18,Fgfr2,Mouse
Fgf18,Fgfr3,Mouse
Madcam1,Itga4,Mouse
Fgf22,Fgfr1,Mouse
Fgf22,Fgfr2,Mouse
Il13,Il13ra2,Mouse
Il13,Il13ra1,Mouse
Il13,Il4ra,Mouse
Pomc,Mc2r,Mouse
Pomc,Mc4r,Mouse
Pomc,Oprm1,Mouse
Pomc,Mc3r,Mouse
Pomc,Mc1r,Mouse
Pomc,Mc5r,Mouse
Pomc,Oprd1,Mouse
Ccl7,Ccr1,Mouse
Ccl7,Ccr2,Mouse
Ccl7,Ccr5,Mouse
Ccl7,Ccr10,Mouse
Ccl7,Cxcr3,Mouse
Ccl7,Ccr3,Mouse
Tac4,Tacr1,Mouse
Gng4,Kcnj6,Mouse
Prl7d1,Prlr,Mouse
Prl2c5,Prlr,Mouse
Prl4a1,Prlr,Mouse
Edn1,Ednrb,Mouse
Edn1,Kel,Mouse
Edn1,Ednra,Mouse
Sema4d,Cd72,Mouse
Sema4d,Plxnb1,Mouse
Sema4d,Erbb2,Mouse
Sema4d,Met,Mouse
Sema4d,Plxnb2,Mouse
Sema4d,Plxna2,Mouse
Cxcl14,Cxcr4,Mouse
Il9,Il9r,Mouse
Thbs4,Notch1,Mouse
Fgf10,Fgfr1,Mouse
Fgf10,Fgfr2,Mouse
Fgf10,Fgfr3,Mouse
Nid2,Col13a1,Mouse
Plau,Lrp2,Mouse
Plau,Lrp1,Mouse
Plau,Mrc2,Mouse
Plau,Igf2r,Mouse
Vcl,Alk,Mouse
Arf4,Lrp2,Mouse
Fgf9,Fgfr1,Mouse
Fgf9,Fgfr2,Mouse
Fgf9,Fgfr3,Mouse
Tnfsf11,Lgr4,Mouse
Tnfsf11,Tnfrsf11b,Mouse
Tnfsf11,Itga2b,Mouse
Tnfsf11,Tnfrsf11a,Mouse
Clu,Lrp8,Mouse
Clu,Lrp2,Mouse
Clu,Vldlr,Mouse
Adam2,Itga6,Mouse
Adam2,Itgb1,Mouse
Adam2,Cd9,Mouse
Adam2,Itga9,Mouse
Fgf17,Fgfr1,Mouse
Fgf17,Fgfr2,Mouse
Fgf17,Fgfr3,Mouse
Gdnf,Gfra4,Mouse
Gdnf,Gfra3,Mouse
Gdnf,Gfra1,Mouse
Gdnf,Sdc3,Mouse
Gdnf,Ret,Mouse
Gdnf,Sorl1,Mouse
Angpt1,Itga5,Mouse
Angpt1,Tek,Mouse
Col2a1,Itgav,Mouse
Col2a1,Itga2b,Mouse
Col2a1,Itga2,Mouse
Col2a1,Itga1,Mouse
Col2a1,Mag,Mouse
Pla2g10,Pla2r1,Mouse
Ahsg,Insr,Mouse
Hrg,Erbb3,Mouse
Hrg,Erbb2,Mouse
Adipoq,Adipor1,Mouse
Adipoq,Adipor2,Mouse
Prl2a1,Prlr,Mouse
Pros1,Tyro3,Mouse
Wnt10b,Fzd8,Mouse
Wnt10b,Lrp6,Mouse
Wnt10b,Fzd5,Mouse
Wnt10b,Fzd4,Mouse
Wnt10b,Fzd7,Mouse
Wnt1,Lrp5,Mouse
Wnt1,Fzd1,Mouse
Wnt1,Fzd10,Mouse
Wnt1,Fzd9,Mouse
Wnt1,Fzd8,Mouse
Wnt1,Lrp6,Mouse
Wnt1,Fzd5,Mouse
Wnt1,Fzd7,Mouse
Npff,Npffr2,Mouse
Cxcl13,Cxcr5,Mouse
Cxcl13,Cxcr3,Mouse
Cxcl13,Ackr4,Mouse
Ccl25,Ccr9,Mouse
Ccl25,Ackr2,Mouse
Ccl25,Ackr4,Mouse
Guca2a,Gucy2c,Mouse
Bmp15,Bmpr1b,Mouse
Bmp15,Bmpr2,Mouse
Bmp15,Acvr1c,Mouse
Bmp15,Bmpr1a,Mouse
Gnb3,Kcnj6,Mouse
Crisp2,Catsper1,Mouse
Tff2,Muc6,Mouse
Ntn3,Dcc,Mouse
Ntn3,Neo1,Mouse
C3,Cd46,Mouse
C3,Cd55,Mouse
C3,Lrp1,Mouse
C3,C3ar1,Mouse
C3,Cr2,Mouse
C3,C5ar2,Mouse
C3,Cd19,Mouse
C3,Itgam,Mouse
C3,Cd81,Mouse
Tslp,Crlf2,Mouse
Apom,Lrp2,Mouse
Ltb,Tnfrsf1a,Mouse
Ltb,Ltbr,Mouse
Tnf,Rhbdf2,Mouse
Tnf,Tnfrsf1a,Mouse
Tnf,Tnfrsf1b,Mouse
Lta,Tnfrsf1a,Mouse
Lta,Tnfrsf14,Mouse
Lta,Ltbr,Mouse
Lta,Tnfrsf1b,Mouse
Hbegf,Erbb3,Mouse
Hbegf,Cd9,Mouse
Hbegf,Erbb2,Mouse
Hbegf,Erbb4,Mouse
Scgb1a1,Lrp2,Mouse
Anxa1,Fpr2,Mouse
Anxa1,Fpr1,Mouse
Anxa1,Dysf,Mouse
Il33,Il1rl1,Mouse
Il33,Il1rap,Mouse
Dkk1,Kremen2,Mouse
Dkk1,Lrp5,Mouse
Dkk1,Lrp6,Mouse
Gal,Gpr151,Mouse
Gal,Galr1,Mouse
Gal,Galr2,Mouse
Vegfb,Flt1,Mouse
Vegfb,Nrp1,Mouse
Rbp4,Stra6,Mouse
Slit1,Robo2,Mouse
Slit1,Plxna1,Mouse
Slit1,Gpc1,Mouse
Slit1,Flrt3,Mouse
Sema4g,Plxnb2,Mouse
Fgf8,Fgfr1,Mouse
Fgf8,Fgfr2,Mouse
Fgf8,Fgfr3,Mouse
Gdf11,Acvr2b,Mouse
Gdf11,Acvr2a,Mouse
Gdf11,Acvr1c,Mouse
Il23a,Il23r,Mouse
Inhbc,Acvr2b,Mouse
Inhbc,Acvr2a,Mouse
Hras,Tlr9,Mouse
Hras,Tlr2,Mouse
Podxl,Sell,Mouse
Nmb,Brs3,Mouse
Il6,Il6ra,Mouse
Il6,Il6st,Mouse
Il17a,Il17rd,Mouse
Il17a,Il17rc,Mouse
Ctla4,Cd80,Mouse
Mstn,Acvr2b,Mouse
Mstn,Acvr2a,Mouse
Nppc,Npr3,Mouse
Nppc,Npr1,Mouse
Nppc,Npr2,Mouse
Il20,Il20rb,Mouse
Il20,Il22ra1,Mouse
Lamc2,Itga6,Mouse
Lamc2,Itgb1,Mouse
Lamc2,Itgb4,Mouse
Xcl1,Xcr1,Mouse
Angptl1,Tek,Mouse
Tnfsf4,Traf2,Mouse
Tnfsf4,Tnfrsf4,Mouse
Cel,Cxcr4,Mouse
Hc,C5ar2,Mouse
Hc,C5ar1,Mouse
Il36a,Il1rap,Mouse
Il36a,Il1rl2,Mouse
Il36b,Il1rap,Mouse
Il36b,Il1rl2,Mouse
Fshb,Fshr,Mouse
Lin7c,Abca1,Mouse
Lin7c,Htr2c,Mouse
Mdk,Itgb1,Mouse
Mdk,Lrp6,Mouse
Mdk,Alk,Mouse
Mdk,Ptprz1,Mouse
Mdk,Lrp1,Mouse
F2,Thbd,Mouse
F2,Itga2b,Mouse
Jag1,Notch2,Mouse
Jag1,Notch3,Mouse
Oxt,Avpr2,Mouse
Oxt,Oxtr,Mouse
Spint1,St14,Mouse
Bmp2,Acvr2b,Mouse
Bmp2,Bmpr1b,Mouse
Bmp2,Tgfbr3,Mouse
Bmp2,Hjv,Mouse
Bmp2,Acvr2a,Mouse
Bmp2,Bmpr2,Mouse
Bmp2,Acvr1,Mouse
Bmp2,Bmpr1a,Mouse
Il1b,Il1rap,Mouse
Il1a,Il1rap,Mouse
Cst3,Lrp2,Mouse
Angpt4,Tek,Mouse
Edn3,Ednrb,Mouse
Edn3,Kel,Mouse
Edn3,Ednra,Mouse
a,Mc1r,Mouse
Ghrh,Ghrhr,Mouse
Ghrh,Vipr1,Mouse
Il21,Il21r,Mouse
Il21,Il2rg,Mouse
Il2,Il2rg,Mouse
Il2,Il2rb,Mouse
Wnt2b,Fzd4,Mouse
Efna1,Epha10,Mouse
Efna1,Epha3,Mouse
Efna1,Epha7,Mouse
Efna1,Epha6,Mouse
Efna1,Epha8,Mouse
Efna1,Epha1,Mouse
Efna1,Epha5,Mouse
Vcam1,Itga4,Mouse
Vcam1,Itgb1,Mouse
Vcam1,Itga9,Mouse
Sfrp2,Fzd5,Mouse
Pdgfc,Pdgfra,Mouse
Egf,Erbb3,Mouse
Egf,Erbb2,Mouse
Egf,Erbb4,Mouse
Dkk2,Lrp6,Mouse
Efna3,Epha10,Mouse
Efna3,Epha3,Mouse
Efna3,Epha7,Mouse
Efna3,Epha6,Mouse
Efna3,Epha8,Mouse
Efna3,Epha1,Mouse
Efna3,Erbb2,Mouse
Efna3,Ephb1,Mouse
Efna3,Epha5,Mouse
Efna4,Epha10,Mouse
Efna4,Epha3,Mouse
Efna4,Epha7,Mouse
Efna4,Epha6,Mouse
Efna4,Epha8,Mouse
Efna4,Epha1,Mouse
Efna4,Epha5,Mouse
Adam15,Itgb1,Mouse
Adam15,Itga9,Mouse
Sema4a,Plxnb1,Mouse
Sema4a,Plxnb2,Mouse
Ccn1,Itgam,Mouse
Tnfsf8,Tnfrsf8,Mouse
Tln1,Itgal,Mouse
Tln1,Itgb1,Mouse
Col9a2,Mag,Mouse
Edn2,Ednrb,Mouse
Edn2,Kel,Mouse
Edn2,Ednra,Mouse
Sema3c,Plxna4,Mouse
Sema3c,Plxnb1,Mouse
Sema3c,Nrp2,Mouse
Hgf,Itgb1,Mouse
Hgf,Nrp2,Mouse
Hgf,Plxnb1,Mouse
Hgf,Met,Mouse
Rspo1,Lgr4,Mouse
Rspo1,Lgr6,Mouse
Rspo1,Lrp6,Mouse
Rspo1,Znrf3,Mouse
Sema3a,Plxna4,Mouse
Sema3a,Nrp2,Mouse
Sema3a,Plxna1,Mouse
Uts2,Uts2r,Mouse
Cort,Sstr3,Mouse
Cort,Sstr2,Mouse
Cort,Sstr4,Mouse
Cort,Sstr5,Mouse
Cort,Sstr1,Mouse
Cort,Ghsr,Mouse
Draxin,Dcc,Mouse
Gnb1,Kcnj6,Mouse
Nmu,Nmur2,Mouse
Bmp3,Acvr2b,Mouse
Bmp3,Acvr2a,Mouse
Fgf5,Fgfr1,Mouse
Fgf5,Fgfr2,Mouse
Fgf5,Fgfr3,Mouse
Cxcl5,Cxcr2,Mouse
Cxcl5,Ackr1,Mouse
Ppbp,Cxcr2,Mouse
Ppbp,Cxcr1,Mouse
Pf4,Thbd,Mouse
Pf4,Fgfr2,Mouse
Pf4,Cxcr3,Mouse
Pf4,Lrp1,Mouse
Areg,Erbb3,Mouse
Areg,Erbb2,Mouse
Areg,Erbb4,Mouse
Cxcl3,Cxcr2,Mouse
Cxcl3,Cxcr3,Mouse
Cxcl1,Cxcr2,Mouse
Cxcl1,Cxcr1,Mouse
Cxcl1,Ackr1,Mouse
Il31,Il31ra,Mouse
Pla2g1b,Pla2r1,Mouse
Col1a2,Itgb1,Mouse
Col1a2,Itga2,Mouse
Col1a2,Cd93,Mouse
Gng11,Kcnj6,Mouse
Epo,Mpl,Mouse
Gnb2,Kcnj6,Mouse
Npy,Npy4r,Mouse
Npy,Npy5r,Mouse
Npy,Npy1r,Mouse
Npy,Dpp4,Mouse
Npy,Npy6r,Mouse
Npy,Fap,Mouse
Npvf,Npffr2,Mouse
Tgfa,Erbb3,Mouse
Tgfa,Erbb2,Mouse
Tgfa,Erbb4,Mouse
Bmp10,Acvr1,Mouse
Bmp10,Bmpr2,Mouse
Bmp10,Bmpr1a,Mouse
Bmp10,Alk,Mouse
Prok2,Prokr2,Mouse
Prok2,Prokr1,Mouse
Wnt7a,Fzd1,Mouse
Wnt7a,Fzd9,Mouse
Wnt7a,Fzd3,Mouse
Wnt7a,Adgra2,Mouse
Wnt7a,Lrp6,Mouse
Wnt7a,Fzd5,Mouse
Wnt7a,Fzd4,Mouse
Wnt7a,Fzd7,Mouse
Gdf3,Acvr2b,Mouse
Gdf3,Acvr2a,Mouse
Clec2d,Klrb1b,Mouse
Rtn2,Rtn4r,Mouse
Vasp,Itga4,Mouse
Mfge8,Itgb5,Mouse
Mfge8,Itgb1,Mouse
Calca,Calcrl,Mouse
Calca,Calcr,Mouse
Fgf21,Fgfr1,Mouse
Fgf21,Fgfr2,Mouse
Fgf21,Fgfr3,Mouse
Izumo1,Izumo1r,Mouse
Hpx,Lrp1,Mouse
Fgf15,Fgfr1,Mouse
Fgf15,Fgfr2,Mouse
Fgf15,Fgfr3,Mouse
Fadd,Tradd,Mouse
Cd40lg,Traf1,Mouse
Fgf13,Fgfr1,Mouse
Fgf13,Fgfr2,Mouse
Fgf13,Scn5a,Mouse
Fgf13,Fgfr3,Mouse
F9,Lrp1,Mouse
F8,Ldlr,Mouse
F8,Lrp1,Mouse
Fgf16,Fgfr1,Mouse
Fgf16,Fgfr2,Mouse
Fgf16,Fgfr3,Mouse
Bgn,P2rx7,Mouse
Bgn,Tlr4,Mouse
Vegfd,Nrp2,Mouse
Vegfd,Fgfr2,Mouse
Vegfd,Kdr,Mouse
Vegfd,Itga9,Mouse
Angpt2,Itgb1,Mouse
Angpt2,Tek,Mouse
Tnfsf13b,Tnfrsf13c,Mouse
Col4a1,Itgb1,Mouse
Col4a1,Cd93,Mouse
Col4a2,Itgb1,Mouse
Col4a2,Cd93,Mouse
Vegfc,Ccbe1,Mouse
Vegfc,Itgb1,Mouse
Vegfc,Nrp2,Mouse
Vegfc,Kdr,Mouse
Vegfc,Itga9,Mouse
Plat,Lrp1,Mouse
Plat,Itgam,Mouse
Sfrp1,Fzd2,Mouse
Fgf20,Fgfr1,Mouse
Fgf20,Fgfr2,Mouse
Fgf20,Fgfr3,Mouse
Il15,Il15ra,Mouse
Il15,Il2rb,Mouse
Il15,Il11ra1,Mouse
Mmp2,Itgb1,Mouse
Cx3cl1,Itga4,Mouse
Cx3cl1,Itgb1,Mouse
Cx3cl1,Cx3cr1,Mouse
Ccl22,Ccr4,Mouse
Ccl22,Ackr2,Mouse
Ccl22,Dpp4,Mouse
Ccl17,Ccr8,Mouse
Ccl17,Ccr4,Mouse
Ccl17,Ackr1,Mouse
Ccl17,Ackr2,Mouse
Insl3,Rxfp2,Mouse
Insl3,Rxfp1,Mouse
Jam3,Itgam,Mouse
Jam3,Itga4,Mouse
Jam3,Itgal,Mouse
Jam3,Itgb1,Mouse
Apoc3,Ldlr,Mouse
Apoc3,Lrp1,Mouse
Apoa1,Lrp2,Mouse
Lipc,Scarb1,Mouse
Lipc,Lrp1,Mouse
Ptgs2,Ptger4,Mouse
Ptgs2,Ptger3,Mouse
Ptgs2,Ptger2,Mouse
Tdgf1,Acvr2b,Mouse
Tdgf1,Acvr2a,Mouse
Tdgf1,Gpc1,Mouse
Tdgf1,Fzd7,Mouse
Ucn,Crhr1,Mouse
Ntng2,Lrrc4c,Mouse
Ntng2,Lrrc4,Mouse
Avp,Oxtr,Mouse
Lgals3bp,Itgb1,Mouse
Apob,Lrp2,Mouse
Apob,Scarb1,Mouse
Apob,Apobr,Mouse
Apob,Lrp1,Mouse
Apob,Tlr4,Mouse
Apob,Mttp,Mouse
Apob,Cd36,Mouse
Wnt4,Musk,Mouse
Wnt4,Fzd2,Mouse
Wnt4,Fzd1,Mouse
Wnt4,Fzd10,Mouse
Wnt4,Fzd8,Mouse
Wnt4,Fzd5,Mouse
Wnt4,Fzd4,Mouse
Wnt4,Fzd7,Mouse
Fgg,Itga2b,Mouse
Galp,Galr1,Mouse
Galp,Galr2,Mouse
Fgf2,Fgfr2,Mouse
Fgf2,Fgfr1,Mouse
Fgf2,Sdc3,Mouse
Fgf2,Ptprz1,Mouse
Fgf2,Fgfr3,Mouse
Csf3,Csf3r,Mouse
Bmp8a,Acvr2b,Mouse
Bmp8a,Acvr2a,Mouse
Bmp8a,Tgfbr2,Mouse
Bmp8a,Bmpr2,Mouse
Gdf7,Acvr2a,Mouse
Gdf7,Bmpr2,Mouse
Serpine1,Lrp1b,Mouse
Serpine1,Lrp2,Mouse
Serpine1,Lrp1,Mouse
Serpine1,Vldlr,Mouse
Ccl5,Gpr75,Mouse
Ccl5,Ccr4,Mouse
Ccl5,Ccrl2,Mouse
Ccl5,Ccr5,Mouse
Ccl5,Ackr1,Mouse
Ccl5,Ackr2,Mouse
Ccl5,Ackr4,Mouse
Nodal,Acvr2b,Mouse
Nodal,Acvr2a,Mouse
Npnt,Itgb1,Mouse
Lman1,Mcfd2,Mouse
Tnfsf10,Tnfrsf11b,Mouse
Inha,Acvr2a,Mouse
Tnfsf9,Traf1,Mouse
Pth2,Ramp1,Mouse
Mif,Cd74,Mouse
Mif,Cxcr2,Mouse
Mif,Ackr3,Mouse
Mif,Cxcr4,Mouse
Spon1,Lrp8,Mouse
Lefty1,Acvr1,Mouse
Lefty1,Acvr2b,Mouse
Lefty1,Acvr2a,Mouse
Sct,Sctr,Mouse
Rspo4,Lgr4,Mouse
Sema7a,Itgb1,Mouse
Gng10,Kcnj6,Mouse
Wnt8b,Fzd10,Mouse
Wnt8b,Ptk7,Mouse
Wnt8b,Fzd7,Mouse
Amh,Acvr1,Mouse
Il5,Csf2rb,Mouse
Il5,Il5ra,Mouse
Tgfb2,Tgfbr2,Mouse
Iapp,Ramp3,Mouse
Iapp,Calcr,Mouse
Lama1,Itgb1,Mouse
Lama1,Itga2,Mouse
Lama1,Itga1,Mouse
Lama1,Itgb4,Mouse
Lama1,Itga7,Mouse
Pmch,Mchr1,Mouse
Crp,Tlr4,Mouse
Thbs1,Itga1,Mouse
Thbs1,Vldlr,Mouse
Thbs1,Itgb1,Mouse
Thbs1,Ptprj,Mouse
Thbs1,Cd47,Mouse
Thbs1,Itga2,Mouse
Thbs1,Cd36,Mouse
Inhbb,Acvr2b,Mouse
Inhbb,Acvr2a,Mouse
Clcf1,Cntfr,Mouse
Clcf1,Il6st,Mouse
Fgf1,Fgfr1,Mouse
Fgf1,Fgfr2,Mouse
Fgf1,Fgfr3,Mouse
Apln,Aplnr,Mouse
Grn,Sort1,Mouse
Nrtn,Sdc3,Mouse
Prl3a1,Prlr,Mouse
Gc,Lrp2,Mouse
Il17f,Il17rc,Mouse
Cxcl10,Cxcr4,Mouse
Cxcl10,Cxcr3,Mouse
Prl3b1,Prlr,Mouse
Chad,Itgb1,Mouse
Chad,Itga2,Mouse
Inhba,Acvr2b,Mouse
Inhba,Acvr2a,Mouse
S100b,Fgfr1,Mouse
Gdf5,Acvr1,Mouse
Gdf5,Acvr2b,Mouse
Gdf5,Acvr2a,Mouse
Gdf5,Bmpr2,Mouse
C1qa,Cd93,Mouse
Calm2,Grm7,Mouse
Calm2,Scn10a,Mouse
Calm2,Cacna1c,Mouse
Calm2,Trpc5,Mouse
Calm2,Kcnq3,Mouse
Ctf1,Il6st,Mouse
Ucn3,Crhr1,Mouse
Efnb1,Ephb2,Mouse
Efnb1,Ephb4,Mouse
Efnb1,Epha6,Mouse
Efnb1,Ephb6,Mouse
Efnb1,Epha5,Mouse
Rln3,Rxfp2,Mouse
Rln3,Rxfp4,Mouse
Rln3,Rxfp1,Mouse
Rln3,Rxfp3,Mouse
Col9a1,Mag,Mouse
Nlgn2,Nrxn1,Mouse
Nlgn2,Nrxn3,Mouse
Nlgn2,Nrxn2,Mouse
Prl2c1,Prlr,Mouse
Lcn2,Lrp2,Mouse
Inhbe,Acvr2b,Mouse
Inhbe,Acvr2a,Mouse
Pnoc,Oprl1,Mouse
Fn1,Itgb1,Mouse
Fn1,Itga2b,Mouse
Fn1,Flrt2,Mouse
Fn1,Col13a1,Mouse
Fbln1,Itgb1,Mouse
Il18,Il18r1,Mouse
Il18,Il18bp,Mouse
Il27,Il6st,Mouse
Qrfp,Qrfpr,Mouse
Pcsk9,Lrp8,Mouse
Pcsk9,Aplp2,Mouse
Pcsk9,Vldlr,Mouse
Pcsk9,Sort1,Mouse
Arf6,Pld1,Mouse
Il17c,Il17re,Mouse
Dscam,Dcc,Mouse
Igf1,Insr,Mouse
Cd14,Itga4,Mouse
Cd14,Itgb1,Mouse
Cd14,Tlr9,Mouse
Fgf4,Fgfr1,Mouse
Fgf4,Fgfr2,Mouse
Fgf4,Fgfr3,Mouse
Gnai2,Adra2b,Mouse
Gnai2,Drd2,Mouse
Gnai2,C5ar1,Mouse
Hcrt,Hcrtr2,Mouse
Hcrt,Hcrtr1,Mouse
Cd24a,Selp,Mouse
Bdnf,Ntrk2,Mouse
Bdnf,Bex3,Mouse
Bdnf,Sort1,Mouse
S100a1,Ryr1,Mouse
Nxph3,Nrxn2,Mouse
Nxph3,Nrxn1,Mouse
Nxph3,Nrxn3,Mouse
Ucn2,Crhr1,Mouse
Crh,Crhr1,Mouse
Fat4,Dchs1,Mouse
Gdf6,Acvr2a,Mouse
Gdf6,Bmpr2,Mouse
Adam10,Epha3,Mouse
Adam10,Notch3,Mouse
Adam10,Cadm1,Mouse
Artn,Sdc3,Mouse
Adm2,Calcrl,Mouse
Wnt5a,Fzd2,Mouse
Wnt5a,Fzd3,Mouse
Wnt5a,Ryk,Mouse
Wnt5a,Fzd5,Mouse
Wnt5a,Fzd7,Mouse
Adam12,Itgb1,Mouse
Adam12,Epha1,Mouse
Amelx,Cd63,Mouse
Nlgn3,Nrxn1,Mouse
Nlgn3,Nrxn3,Mouse
Nlgn3,Nrxn2,Mouse
Agt,Lrp2,Mouse
Agt,Agtr1a,Mouse
Agt,Agtr1b,Mouse
Agt,Agtr2,Mouse
Agt,Mas1,Mouse
Slit3,Robo3,Mouse
Slit3,Robo2,Mouse
Slit3,Plxna1,Mouse
Lep,Lrp2,Mouse
Adcyap1,Adrb3,Mouse
Adcyap1,Ramp2,Mouse
Lif,Lifr,Mouse
Lif,Il6st,Mouse
Rspo2,Znrf3,Mouse
Adam17,Aplp2,Mouse
Adam17,Itgb1,Mouse
Adam17,Notch2,Mouse
Adam17,Ghr,Mouse
Adam17,Erbb4,Mouse
Adam17,Rhbdf2,Mouse
Dmp1,Phex,Mouse
Sema5a,Met,Mouse
Sema5a,Plxna1,Mouse
Fgf7,Fgfr1,Mouse
Fgf7,Fgfr2,Mouse
Fgf7,Fgfr3,Mouse
Cthrc1,Fzd3,Mouse
Alkal2,Alk,Mouse
Tg,Lrp2,Mouse
Ntng1,Lrrc4c,Mouse
Prl7c1,Prlr,Mouse
Postn,Itgb1,Mouse
Cxcl12,Itga4,Mouse
Cxcl12,Oprm1,Mouse
Cxcl12,Itgb1,Mouse
Prl3d3,Prlr,Mouse
Nrg1,Erbb3,Mouse
Nrg1,Erbb4,Mouse
Sema3e,Plxna1,Mouse
Cxcl17,Gpr35,Mouse
Bmp4,Bmpr2,Mouse
Bmp4,Musk,Mouse
Nlgn1,Nrxn1,Mouse
Nlgn1,Nrxn3,Mouse
Nlgn1,Nrxn2,Mouse
Osm,Lifr,Mouse
Osm,Il6st,Mouse
Osm,Il11ra1,Mouse
Cxcl2,Cxcr2,Mouse
Jag2,Notch2,Mouse
Jag2,Notch3,Mouse
Pdgfa,Pdgfra,Mouse
Itgb1bp1,Itgb1,Mouse
Efna5,Ephb2,Mouse
Gnb5,Kcnj6,Mouse
Sftpd,Sirpa,Mouse
Gng8,Kcnj6,Mouse
Pth,Ramp1,Mouse
Gnas,Ptgdr,Mouse
Gnas,Htr6,Mouse
Sema3f,Nrp2,Mouse
Prl7b1,Prlr,Mouse
Prl3d2,Prlr,Mouse
Prl3d1,Prlr,Mouse
Adam9,Itgb1,Mouse
Hmgb1,Thbd,Mouse
Lefty2,Acvr2b,Mouse
Tnfsf18,Tnfrsf18,Mouse
Icam1,Itgal,Mouse
Icam1,Ahr,Mouse
Col4a4,Itgb1,Mouse
Col4a4,Cd93,Mouse
Col3a1,Itgb1,Mouse
Col3a1,Mag,Mouse
Col3a1,Ddr2,Mouse
Gng5,Kcnj6,Mouse
Sema3g,Plxna4,Mouse
Sema3g,Nrp2,Mouse
Prl6a1,Prlr,Mouse
Lama3,Itgb4,Mouse
Lama2,Itgb4,Mouse
Lama2,Itga7,Mouse
Ccl26,Ccr2,Mouse
Il11,Il6st,Mouse
Il11,Il11ra1,Mouse
Ccl21a,Ccr7,Mouse
Fgf14,Fgfr2,Mouse
Prl7a1,Prlr,Mouse
Gng3,Kcnj6,Mouse
Il22,Il22ra1,Mouse
Ccl21d,Ccr7,Mouse
Gng7,Kcnj6,Mouse
Prl2c3,Prlr,Mouse
Fyn,Thy1,Mouse
Fgf12,Fgfr2,Mouse
Selplg,Cxcr2,Mouse
Selplg,Selp,Mouse
Psen1,Ephb2,Mouse
Psen1,Erbb4,Mouse
Sema6d,Plxna4,Mouse
Sema6d,Plxna1,Mouse
Sema6d,Kdr,Mouse
Pla2g5,Pla2r1,Mouse
Sema3b,Nrp2,Mouse
Sema3b,Plxna1,Mouse
Fgf11,Fgfr2,Mouse
Gcg,Glp1r,Mouse
Btla,Tnfrsf14,Mouse
Rtn4,Rtn4rl2,Mouse
Nxph2,Nrxn1,Mouse
Prl2b1,Prlr,Mouse
Fgf3,Fgfr2,Mouse
Cd160,Tnfrsf14,Mouse
Sema6c,Plxna1,Mouse
Lgals9,Clec7a,Mouse
Apoc1,Vldlr,Mouse
Ntn1,Robo3,Mouse
Ntn1,Dcc,Mouse
Ntn1,Unc5d,Mouse
Wnt7b,Fzd10,Mouse
Wnt7b,Fzd3,Mouse
Wnt7b,Fzd7,Mouse
Vcan,Selp,Mouse
Calm1,Kcnn4,Mouse
Calm1,Cacna1c,Mouse
Calm1,Grm4,Mouse
Prl8a8,Prlr,Mouse
Prl8a6,Prlr,Mouse
Prl,Prlr,Mouse
Prl2c2,Prlr,Mouse
Cntf,Il6st,Mouse
Eda,Eda2r,Mouse
Nrg2,Erbb4,Mouse
Btc,Erbb4,Mouse
Lgals3,Mag,Mouse
Afdn,Nrxn3,Mouse
Reln,Vldlr,Mouse
Nxph1,Nrxn1,Mouse
Nxph1,Nrxn3,Mouse
Sytl3,Nrxn1,Mouse
Slit2,Plxna1,Mouse
Col9a3,Mag,Mouse
Wnt11,Ryk,Mouse
Cntn2,Cntn1,Mouse
L1cam,Cntn1,Mouse
Rtn4,Ngfr,Mouse
Ngf,Ngfr,Mouse
Nts,Ngfr,Mouse
Ntf3,Ngfr,Mouse
Bdnf,Ngfr,Mouse
Omg,Ngfr,Mouse
Ntf5,Ngfr,Mouse
App,Ngfr,Mouse
Il2,Ngfr,Mouse
Ccn1,Itgb2,Mouse
C3,Itgb2,Mouse
Jam3,Itgb2,Mouse
Fgg,Itgb2,Mouse
Bsg,Itgb2,Mouse
Fga,Itgb2,Mouse
Icam1,Itgb2,Mouse
Vcam1,Itgb2,Mouse
Spon2,Itgb2,Mouse
Mmp9,Itgb2,Mouse
Cd14,Itgb2,Mouse
Plau,Itgb2,Mouse
Plg,Itgb2,Mouse
Icam5,Itgb2,Mouse
Tln1,Itgb2,Mouse
Angpt2,Itgb2,Mouse
Icam2,Itgb2,Mouse
Hsp90b1,Pparg,Mouse
Bmp7,Acvrl1,Mouse
Tgfb1,Acvrl1,Mouse
Bmp10,Acvrl1,Mouse
Gdf2,Acvrl1,Mouse
Bmp15,Acvr1b,Mouse
Gdf9,Acvr1b,Mouse
Gdf3,Acvr1b,Mouse
Nodal,Acvr1b,Mouse
Inhba,Acvr1b,Mouse
Lefty1,Acvr1b,Mouse
Lefty2,Acvr1b,Mouse
Tdgf1,Acvr1b,Mouse
Mstn,Acvr1b,Mouse
Gdf11,Acvr1b,Mouse
Il23a,Il12rb1,Mouse
Il12a,Il12rb1,Mouse
Apob,Lsr,Mouse
Vcam1,Itgb7,Mouse
Madcam1,Itgb7,Mouse
Fn1,Itgb7,Mouse
Adam2,Itgb7,Mouse
Lamc2,Itga3,Mouse
Fn1,Itga3,Mouse
Reln,Itga3,Mouse
Thbs1,Itga3,Mouse
Lgals8,Itga3,Mouse
Lgals3,Itga3,Mouse
Ihh,Smo,Mouse
Shh,Smo,Mouse
Sema5a,Plxnb3,Mouse
Plau,Plaur,Mouse
Vtn,Plaur,Mouse
Serpine2,Plaur,Mouse
Srpx2,Plaur,Mouse
Plg,Plaur,Mouse
Serpine1,Plaur,Mouse
Ceacam1,Plaur,Mouse
Mmp12,Plaur,Mouse
Adam10,Axl,Mouse
Pros1,Axl,Mouse
Vegfa,Axl,Mouse
Gas6,Axl,Mouse
Hras,Grin2d,Mouse
Il17f,Il17ra,Mouse
Il17a,Il17ra,Mouse
Lama5,Bcam,Mouse
Eda,Edar,Mouse
Fn1,Cd79a,Mouse
Psen1,Ncstn,Mouse
App,Ncstn,Mouse
Ucn3,Crhr2,Mouse
Crh,Crhr2,Mouse
Ucn2,Crhr2,Mouse
Ucn,Crhr2,Mouse
Tslp,Il7r,Mouse
Il7,Il7r,Mouse
Sema3f,Plxna3,Mouse
Fyn,Cd244a,Mouse
Mmp9,Cd44,Mouse
Egf,Cd44,Mouse
Bsg,Cd44,Mouse
Vim,Cd44,Mouse
Mif,Cd44,Mouse
Hgf,Cd44,Mouse
Mmp7,Cd44,Mouse
Anxa2,Cd44,Mouse
Fgf1,Cd44,Mouse
Has2,Cd44,Mouse
Fgf2,Cd44,Mouse
Vcan,Cd44,Mouse
Spp1,Cd44,Mouse
Col1a2,Cd44,Mouse
Prg4,Cd44,Mouse
Fn1,Cd44,Mouse
Bgn,Cd44,Mouse
Fgf11,Fgfr4,Mouse
Fgf14,Fgfr4,Mouse
Fgf16,Fgfr4,Mouse
Fgf17,Fgfr4,Mouse
Fgf18,Fgfr4,Mouse
Fgf1,Fgfr4,Mouse
Fgf5,Fgfr4,Mouse
Fgf13,Fgfr4,Mouse
Fgf2,Fgfr4,Mouse
Fgf9,Fgfr4,Mouse
Fgf12,Fgfr4,Mouse
Fgf8,Fgfr4,Mouse
Fgf20,Fgfr4,Mouse
Fgf4,Fgfr4,Mouse
Fgf15,Fgfr4,Mouse
Il27,Il27ra,Mouse
Igf2,Igf1r,Mouse
Igf1,Igf1r,Mouse
Wnt3a,Igf1r,Mouse
Areg,Igf1r,Mouse
Gnai2,Igf1r,Mouse
Gpc3,Igf1r,Mouse
Adam10,Fcer2a,Mouse
Kitl,Kit,Mouse
Il33,Kit,Mouse
Fgf2,Kit,Mouse
Pthlh,Pth1r,Mouse
Pth,Pth1r,Mouse
Gnas,Pth1r,Mouse
Calm1,Cnga2,Mouse
Efnb1,Ephb3,Mouse
Epo,Epor,Mouse
Kitl,Epor,Mouse
Afdn,Nectin4,Mouse
Adam17,Nectin4,Mouse
Efna5,Epha2,Mouse
Efna1,Epha2,Mouse
Efna3,Epha2,Mouse
Efna4,Epha2,Mouse
Bmp15,Tgfbr1,Mouse
Gdf9,Tgfbr1,Mouse
Gdf11,Tgfbr1,Mouse
Tgfb2,Tgfbr1,Mouse
Bmp8a,Tgfbr1,Mouse
Mstn,Tgfbr1,Mouse
Tdgf1,Tgfbr1,Mouse
Bmp10,Tgfbr1,Mouse
Inhba,Tgfbr1,Mouse
Gdf3,Tgfbr1,Mouse
Egf,Cav1,Mouse
Bsg,Cav1,Mouse
Igfbp5,Cav1,Mouse
Gnai2,Cav1,Mouse
Hras,Cav1,Mouse
Clcf1,Crlf1,Mouse
Calm1,Kcnq1,Mouse
Calml3,Kcnq1,Mouse
Bmp10,Eng,Mouse
Tnfsf13,Tnfrsf13b,Mouse
Tnfsf13b,Tnfrsf13b,Mouse
Vip,Vipr2,Mouse
Sct,Vipr2,Mouse
Adcyap1,Vipr2,Mouse
Fgf8,Fgfrl1,Mouse
Fgf2,Fgfrl1,Mouse
Pros1,Mertk,Mouse
Gas6,Mertk,Mouse
Lgals3,Mertk,Mouse
Sema3c,Plxnd1,Mouse
Sema4a,Plxnd1,Mouse
Sema3e,Plxnd1,Mouse
Hmgb1,Ager,Mouse
S100a9,Ager,Mouse
Dll4,Notch4,Mouse
Dll3,Notch4,Mouse
Psen1,Notch4,Mouse
Jag1,Notch4,Mouse
Jag2,Notch4,Mouse
Il25,Il17rb,Mouse
Il17b,Il17rb,Mouse
Apoe,Sdc4,Mouse
Adam12,Sdc4,Mouse
Ptn,Sdc4,Mouse
Rspo3,Sdc4,Mouse
Ceacam1,Sdc4,Mouse
Tnc,Sdc4,Mouse
Cxcl10,Sdc4,Mouse
Tgm2,Sdc4,Mouse
Fgf2,Sdc4,Mouse
Htra2,Cd40,Mouse
Ltb,Cd40,Mouse
Lgals9,Cd40,Mouse
Tnf,Cd40,Mouse
Adam17,Cd40,Mouse
Cd40lg,Cd40,Mouse
Ntn1,Adora2b,Mouse
Ptpn6,Cd22,Mouse
St6gal1,Cd22,Mouse
Ptgs2,Ptger1,Mouse
Nmb,Nmbr,Mouse
Grp,Nmbr,Mouse
Ptpn6,Ros1,Mouse
Ptpn11,Ros1,Mouse
Il19,Il20ra,Mouse
Il24,Il20ra,Mouse
Il20,Il20ra,Mouse
Ifng,Ifngr1,Mouse
Tac1,Tacr2,Mouse
Tac2,Tacr2,Mouse
Npvf,Npffr1,Mouse
Npff,Npffr1,Mouse
Selplg,Vsir,Mouse
Cxcl12,Avpr1a,Mouse
Avp,Avpr1a,Mouse
Ang,Egfr,Mouse
Tnfsf12,Egfr,Mouse
Egf,Egfr,Mouse
Btc,Egfr,Mouse
Ereg,Egfr,Mouse
Spink1,Egfr,Mouse
Il6,Egfr,Mouse
Tnc,Egfr,Mouse
Hsp90aa1,Egfr,Mouse
Vcan,Egfr,Mouse
Postn,Egfr,Mouse
Efnb1,Egfr,Mouse
Hbegf,Egfr,Mouse
Osm,Egfr,Mouse
Areg,Egfr,Mouse
Nrg1,Egfr,Mouse
Lrig1,Egfr,Mouse
Tgfa,Egfr,Mouse
Epgn,Egfr,Mouse
Rspo1,Lgr5,Mouse
Rspo2,Lgr5,Mouse
Rspo3,Lgr5,Mouse
Rspo4,Lgr5,Mouse
Has2,Hmmr,Mouse
Pdgfc,Flt4,Mouse
Vegfd,Flt4,Mouse
Vegfc,Flt4,Mouse
Agtrap,Rack1,Mouse
Dkk3,Kremen1,Mouse
Dkk4,Kremen1,Mouse
Dkk1,Kremen1,Mouse
Lgals9,Havcr2,Mouse
Hmgb1,Havcr2,Mouse
Lypd3,Agr2,Mouse
Apoe,Sdc1,Mouse
Ptn,Sdc1,Mouse
Thbs1,Sdc1,Mouse
Fgf2,Sdc1,Mouse
Sema6d,Nrcam,Mouse
Vwf,Itgb3,Mouse
Angptl3,Itgb3,Mouse
Cx3cl1,Itgb3,Mouse
Hmgb1,Itgb3,Mouse
Cxcl12,Itgb3,Mouse
Fga,Itgb3,Mouse
Tnc,Itgb3,Mouse
Fgf2,Itgb3,Mouse
L1cam,Itgb3,Mouse
Postn,Itgb3,Mouse
Spp1,Itgb3,Mouse
Vegfa,Itgb3,Mouse
Igf1,Itgb3,Mouse
Reln,Itgb3,Mouse
Thbs1,Itgb3,Mouse
Mfge8,Itgb3,Mouse
Lgals3,Itgb3,Mouse
Mmp2,Itgb3,Mouse
Calm1,Scn4a,Mouse
Calm2,Scn4a,Mouse
Cd40lg,Traf3,Mouse
S100a1,Ryr2,Mouse
Gdf5,Ror2,Mouse
Wnt5a,Ror2,Mouse
Ihh,Ptch1,Mouse
F2,F2rl2,Mouse
F7,F2rl1,Mouse
F2,F2rl1,Mouse
Tnfsf10,Tnfrsf10b,Mouse
Fadd,Tnfrsf10b,Mouse
Nrtn,Gfra2,Mouse
Gdnf,Gfra2,Mouse
Artn,Gfra2,Mouse
Osm,Osmr,Mouse
Il31,Osmr,Mouse
Vegfa,Sdc2,Mouse
Ptn,Sdc2,Mouse
Hgf,Sdc2,Mouse
Fgf2,Sdc2,Mouse
Mmp2,Sdc2,Mouse
Cthrc1,Fzd6,Mouse
Wnt4,Fzd6,Mouse
Wnt5a,Fzd6,Mouse
Wnt10b,Fzd6,Mouse
Wnt1,Fzd6,Mouse
Calm1,Adcy8,Mouse
Calm2,Adcy8,Mouse
Nptx2,Nptxr,Mouse
Nptx1,Nptxr,Mouse
Angptl3,Itga5,Mouse
Cxcl12,Itga5,Mouse
Fga,Itga5,Mouse
Fgg,Itga5,Mouse
Fgb,Itga5,Mouse
L1cam,Itga5,Mouse
Postn,Itga5,Mouse
Fn1,Itga5,Mouse
Reln,Itga5,Mouse
Adam17,Itga5,Mouse
Thbs1,Itga5,Mouse
Angpt2,Itga5,Mouse
Tnfsf13b,Tnfrsf17,Mouse
Angptl8,Gpihbp1,Mouse
Apoc3,Gpihbp1,Mouse
Cd6,Alcam,Mouse
S100b,Alcam,Mouse
Afdn,Nectin3,Mouse
Trf,Tfrc,Mouse
Calm1,Mylk,Mouse
Calm2,Mylk,Mouse
Slit3,Robo1,Mouse
Slit2,Robo1,Mouse
Slit1,Robo1,Mouse
Ifng,Ifngr2,Mouse
Ifnb1,Ifnar1,Mouse
Ucn2,Il10rb,Mouse
Ucn3,Il10rb,Mouse
Ifnb1,Ifnar2,Mouse
Amh,Amhr2,Mouse
Wnt7b,Celsr3,Mouse
Wnt7a,Celsr3,Mouse
Igf2,Igf2r,Mouse
Tnfsf12,Tnfrsf12a,Mouse
Sema6d,Trem2,Mouse
Apoe,Trem2,Mouse
Lhb,Lhcgr,Mouse
Gnai2,Lhcgr,Mouse
Gnas,Lhcgr,Mouse
Nrtn,Gfra3,Mouse
Artn,Gfra3,Mouse
Pdgfa,Pdgfrb,Mouse
Pdgfc,Pdgfrb,Mouse
Pdgfd,Pdgfrb,Mouse
Mfge8,Pdgfrb,Mouse
Csf3,Csf1r,Mouse
Il34,Csf1r,Mouse
Calm1,Fas,Mouse
Fadd,Fas,Mouse
Wnt7b,Lrp5,Mouse
Apoe,Lrp5,Mouse
Wnt7a,Lrp5,Mouse
Tdgf1,Lrp5,Mouse
Wnt5a,Lrp5,Mouse
Nrtn,Gfra1,Mouse
Artn,Gfra1,Mouse
Gnas,Gcgr,Mouse
Gcg,Gcgr,Mouse
Thbs1,Itgb8,Mouse
Calm1,Mip,Mouse
Alox5ap,Alox5,Mouse
S100a8,Ly96,Mouse
Cd14,Ly96,Mouse
Sftpd,Ly96,Mouse
Hmgb1,Ly96,Mouse
Pf4,Ccr1,Mouse
Ccl5,Ccr1,Mouse
Sema3d,Nrp1,Mouse
Sema3c,Nrp1,Mouse
Vegfa,Nrp1,Mouse
Sema3a,Nrp1,Mouse
Egf,Nrp1,Mouse
Fgf7,Nrp1,Mouse
Sema3b,Nrp1,Mouse
Ptn,Nrp1,Mouse
Hgf,Nrp1,Mouse
Cntn2,Nrp1,Mouse
Sema4a,Nrp1,Mouse
Fgf4,Nrp1,Mouse
Sema3e,Nrp1,Mouse
Fgf1,Nrp1,Mouse
Sema3f,Nrp1,Mouse
Fgf2,Nrp1,Mouse
L1cam,Nrp1,Mouse
Adam10,Tspan17,Mouse
Ntn1,Unc5a,Mouse
Pdyn,Oprk1,Mouse
Pth,Pth2r,Mouse
Pth2,Pth2r,Mouse
Cp,Slc40a1,Mouse
Cd86,Cd28,Mouse
Icosl,Cd28,Mouse
Il18,Il18rap,Mouse
Il1b,Il1r1,Mouse
Il1a,Il1r1,Mouse
Il1rn,Il1r1,Mouse
Il1b,Il1r2,Mouse
Il1a,Il1r2,Mouse
Il1rn,Il1r2,Mouse
Nms,Nmur1,Mouse
Nmu,Nmur1,Mouse
Efna5,Epha4,Mouse
Efna1,Epha4,Mouse
Efnb1,Epha4,Mouse
Efna3,Epha4,Mouse
Efna4,Epha4,Mouse
Pdcd1lg2,Pdcd1,Mouse
Cd14,Cd55,Mouse
Psap,Gpr37l1,Mouse
Avp,Avpr1b,Mouse
Podxl2,Sell,Mouse
Selplg,Sell,Mouse
Calm1,Sell,Mouse
Cfh,Sell,Mouse
Bsg,Sele,Mouse
Selplg,Sele,Mouse
Sema3a,Plxna2,Mouse
Spp1,Itga8,Mouse
Npnt,Itga8,Mouse
Tnc,Itga8,Mouse
Il15,Il2ra,Mouse
Il2,Il2ra,Mouse
Tdgf1,Acvr1c,Mouse
Inhba,Acvr1c,Mouse
Nodal,Acvr1c,Mouse
Inhbb,Acvr1c,Mouse
Gdf3,Acvr1c,Mouse
Dll4,Notch1,Mouse
Adam10,Notch1,Mouse
Cntn6,Notch1,Mouse
Rbp3,Notch1,Mouse
Dll3,Notch1,Mouse
Psen1,Notch1,Mouse
Ccn3,Notch1,Mouse
Dlk2,Notch1,Mouse
Dlk1,Notch1,Mouse
Fgf2,Notch1,Mouse
Jag1,Notch1,Mouse
Jag2,Notch1,Mouse
Reln,Notch1,Mouse
Egfl7,Notch1,Mouse
Adam17,Notch1,Mouse
Mfap2,Notch1,Mouse
Mfap5,Notch1,Mouse
Wnt5a,Notch1,Mouse
Cd40lg,Traf2,Mouse
Tnfsf9,Traf2,Mouse
Tnc,Itgb6,Mouse
Dspp,Itgb6,Mouse
Adam17,Itgb6,Mouse
Thbs1,Itgb6,Mouse
Il36b,Il36rn,Mouse
Adam10,Itgav,Mouse
Vwf,Itgav,Mouse
Angptl3,Itgav,Mouse
Cx3cl1,Itgav,Mouse
Hmgb1,Itgav,Mouse
Fbn1,Itgav,Mouse
Cxcl12,Itgav,Mouse
Icam1,Itgav,Mouse
Fgg,Itgav,Mouse
Adam15,Itgav,Mouse
Tnc,Itgav,Mouse
Fgf2,Itgav,Mouse
L1cam,Itgav,Mouse
Ccn1,Itgav,Mouse
Postn,Itgav,Mouse
Spp1,Itgav,Mouse
Vegfa,Itgav,Mouse
Igf1,Itgav,Mouse
Adam9,Itgav,Mouse
Dspp,Itgav,Mouse
Egfl7,Itgav,Mouse
Thbs1,Itgav,Mouse
Mfge8,Itgav,Mouse
Angpt2,Itgav,Mouse
Mmp2,Itgav,Mouse
Adam9,Itga6,Mouse
Adam17,Itga6,Mouse
Agrn,Lrp4,Mouse
Wnt7a,Lrp4,Mouse
Gas6,Tyro3,Mouse
a,Atrn,Mouse
Pf4,Procr,Mouse
Proc,Procr,Mouse
Nppb,Npr1,Mouse
Nppa,Npr1,Mouse
Vegfa,Npr1,Mouse
Adam10,Il6ra,Mouse
Cd14,Tlr2,Mouse
Hmgb1,Tlr2,Mouse
Ccn1,Tlr2,Mouse
Vcan,Tlr2,Mouse
Bgn,Tlr2,Mouse
Npy,Npy2r,Mouse
Bdnf,Insrr,Mouse
Ntf3,Ntrk1,Mouse
Bdnf,Ntrk1,Mouse
Ntf5,Ntrk1,Mouse
Ngf,Ntrk1,Mouse
Crp,Fcgr1,Mouse
Tfpi,F3,Mouse
F7,F3,Mouse
Adam10,Tspan5,Mouse
Tac1,Tacr3,Mouse
Tac2,Tacr3,Mouse
Gdf10,Bmpr1b,Mouse
Bmp6,Bmpr1b,Mouse
Gdf7,Bmpr1b,Mouse
Bmp4,Bmpr1b,Mouse
Gdf5,Bmpr1b,Mouse
Gdf6,Bmpr1b,Mouse
Bmp10,Bmpr1b,Mouse
Efna5,Epha7,Mouse
Efnb1,Epha7,Mouse
Apoe,Abca1,Mouse
Pltp,Abca1,Mouse
Apoa1,Abca1,Mouse
Nppb,Npr2,Mouse
Nppa,Npr2,Mouse
Wnt7a,Reck,Mouse
Lep,Leprot,Mouse
Grn,Tnfrsf1b,Mouse
Adam17,Tnfrsf1b,Mouse
Efna5,Epha8,Mouse
Ihh,Ptch2,Mouse
Tnfsf9,Tnfrsf9,Mouse
Cck,Cckar,Mouse
Fgf21,Klb,Mouse
Fgf15,Klb,Mouse
Gnrh1,Gnrhr,Mouse
Tgfb2,Tgfbr3,Mouse
Inhba,Tgfbr3,Mouse
Thbs1,Scarb2,Mouse
Bgn,P2rx4,Mouse
Mmp14,Flt1,Mouse
Vegfa,Flt1,Mouse
Trf,Tfr2,Mouse
Adam10,Gpnmb,Mouse
S100a10,Trpv5,Mouse
S100a10,Trpv6,Mouse
Tac1,Tacr1,Mouse
Tac2,Tacr1,Mouse
Vwf,Gp9,Mouse
Nrtn,Ret,Mouse
Artn,Ret,Mouse
Shank3,Ret,Mouse
Crp,Olr1,Mouse
Apoe,Lrp6,Mouse
Wnt8b,Lrp6,Mouse
Sostdc1,Lrp6,Mouse
Wnt4,Lrp6,Mouse
Apob,Lrp6,Mouse
Wnt5b,Lrp6,Mouse
Dkk4,Lrp6,Mouse
Tdgf1,Lrp6,Mouse
Pth,Lrp6,Mouse
Rspo3,Lrp6,Mouse
Wnt5a,Lrp6,Mouse
Guca2b,Gucy2c,Mouse
Grn,Tnfrsf1a,Mouse
Adam17,Tnfrsf1a,Mouse
Fadd,Tnfrsf1a,Mouse
Izumo1,Cd9,Mouse
Adam17,Cd9,Mouse
Adam3,Cd9,Mouse
Slurp1,Chrna7,Mouse
Sema6d,Tyrobp,Mouse
Clec4g,Tyrobp,Mouse
Tnfsf9,Tmem126a,Mouse
Fgf2,Lyve1,Mouse
Cck,Cckbr,Mouse
Fgf2,Gpc4,Mouse
Col18a1,Gpc4,Mouse
Lgals3,Il13ra2,Mouse
Il15,Il2rg,Mouse
Il7,Il2rg,Mouse
Tac1,Grpr,Mouse
Grp,Grpr,Mouse
Avp,Avpr2,Mouse
Amelx,Lamp1,Mouse
Wnt7b,Adgra2,Mouse
Cd14,Tlr3,Mouse
Afdn,Nectin1,Mouse
Psen1,Nectin1,Mouse
Ntn1,Mcam,Mouse
C1qtnf5,Mfrp,Mouse
Pcsk9,Ldlr,Mouse
Apoe,Ldlr,Mouse
Apob,Ldlr,Mouse
Lipc,Ldlr,Mouse
Slpi,Plscr4,Mouse
Prnd,Rpsa,Mouse
Ptma,Vipr1,Mouse
Adcyap1,Vipr1,Mouse
Efnb1,Ephb1,Mouse
Mst1,Mst1r,Mouse
Adam10,Tspan14,Mouse
Rspo2,Lgr6,Mouse
Rspo3,Lgr6,Mouse
Rspo4,Lgr6,Mouse
Gdf10,Bmpr1a,Mouse
Bmp6,Bmpr1a,Mouse
Bmp8a,Bmpr1a,Mouse
Gdf7,Bmpr1a,Mouse
Bmp4,Bmpr1a,Mouse
Gdf6,Bmpr1a,Mouse
Amh,Bmpr1a,Mouse
Cxcl12,Cmklr1,Mouse
Lep,Lepr,Mouse
Ntf3,Ntrk3,Mouse
Bdnf,Ntrk3,Mouse
Ngf,Ntrk3,Mouse
Ccl1,Ccr8,Mouse
Flt3l,Flt3,Mouse
Ccl5,Ccr3,Mouse
Ccl26,Ccr3,Mouse
Cxcl9,Ccr3,Mouse
Ccl28,Ccr3,Mouse
Rspo3,Fzd8,Mouse
Wnt5a,Fzd8,Mouse
Bdnf,Sorcs2,Mouse
Ngf,Sorcs2,Mouse
Adam10,Tspan10,Mouse
Icam1,Muc1,Mouse
Il22,Il22ra2,Mouse
Gpc3,Cd81,Mouse
Adam10,Lrp1,Mouse
Vwf,Lrp1,Mouse
Ctsd,Lrp1,Mouse
Pcsk9,Lrp1,Mouse
Apoe,Lrp1,Mouse
Hsp90aa1,Lrp1,Mouse
Hspa1b,Lrp1,Mouse
Thbs1,Lrp1,Mouse
Psap,Lrp1,Mouse
Cxcl12,Dpp4,Mouse
Cxcl9,Dpp4,Mouse
Gip,Dpp4,Mouse
Cxcl10,Dpp4,Mouse
Gcg,Dpp4,Mouse
Adcyap1,Dpp4,Mouse
Spp1,Itga9,Mouse
Adam12,Itga9,Mouse
Tnc,Itga9,Mouse
Nms,Nmur2,Mouse
Cxcl2,Ackr1,Mouse
Bsg,Slc16a1,Mouse
Cd14,Tlr4,Mouse
Hmgb1,Tlr4,Mouse
Fga,Tlr4,Mouse
Tnc,Tlr4,Mouse
Cxcl10,Tlr4,Mouse
Sftpd,Tlr4,Mouse
S100a9,Tlr4,Mouse
S100a1,Tlr4,Mouse
S100a8,Tlr4,Mouse
Retn,Tlr4,Mouse
Npb,Npbwr1,Mouse
Npw,Npbwr1,Mouse
Bmp4,Hjv,Mouse
Bmp6,Hjv,Mouse
Uts2b,Uts2r,Mouse
Adam10,Tspan15,Mouse
Vegfa,Gpc1,Mouse
Ihh,Gpc1,Mouse
Col18a1,Gpc1,Mouse
Rspo2,Lgr4,Mouse
Rspo3,Lgr4,Mouse
Adcyap1,Ramp3,Mouse
Adm2,Ramp3,Mouse
Pon2,Htr2a,Mouse
Tnfsf12,Tnfrsf25,Mouse
Tnfsf15,Tnfrsf25,Mouse
Cd14,C3ar1,Mouse
Wnt5a,Ror1,Mouse
Vwf,Stab2,Mouse
Calm1,Trpc5,Mouse
Hsp90aa1,Cftr,Mouse
Fyn,Spn,Mouse
Icam1,Spn,Mouse
Bsg,Spn,Mouse
Lcn2,Slc22a17,Mouse
Wnt7b,Fzd4,Mouse
Wnt5a,Fzd4,Mouse
Cxcl12,Oprd1,Mouse
Gnai2,Oprd1,Mouse
Ccl27a,Ackr2,Mouse
Ccl21a,Ackr2,Mouse
Ccl28,Ackr2,Mouse
Efna5,Epha10,Mouse
Uts2b,Sstr5,Mouse
Sema4c,Plxnb2,Mouse
Vwf,Gp5,Mouse
Psap,Gpr37,Mouse
Ccl20,Cxcr3,Mouse
Ccl19,Cxcr3,Mouse
Ccl21d,Cxcr3,Mouse
Cxcl9,Cxcr3,Mouse
Ccl21b,Cxcr3,Mouse
Ccl21a,Cxcr3,Mouse
Pdcd1lg2,Pdcd2,Mouse
Liph,Lpar1,Mouse
Gnai2,Mtnr1b,Mouse
Rtn4,S1pr2,Mouse
Hmgb1,Cxcr4,Mouse
Cxcl12,Cxcr4,Mouse
Wnt5a,Fzd9,Mouse
Apela,Aplnr,Mouse
Cd200,Cd200r1,Mouse
Lama2,Itga2,Mouse
Vwf,Itga2,Mouse
Tnc,Itga2,Mouse
Col4a3,Itga2,Mouse
Col8a1,Itga2,Mouse
Adam10,Erbb2,Mouse
Btc,Erbb2,Mouse
L1cam,Erbb2,Mouse
Nrg1,Erbb2,Mouse
Gnai2,Cnr1,Mouse
Nps,Npsr1,Mouse
Prok1,Prokr2,Mouse
Vwf,Gp1ba,Mouse
Apoe,Sorl1,Mouse
Wnt7b,Fzd1,Mouse
Wnt5a,Fzd1,Mouse
Insl5,Rxfp4,Mouse
Prok1,Prokr1,Mouse
Rtn4,Lingo1,Mouse
Omg,Lingo1,Mouse
Vwf,Gp1bb,Mouse
Efna5,Epha5,Mouse
Hmgb1,Tlr1,Mouse
Ghrl,Ghsr,Mouse
Gcg,Glp2r,Mouse
Adam12,Tgfbr2,Mouse
Ccl27b,Ccr10,Mouse
Ccl27a,Ccr10,Mouse
Ccl28,Ccr10,Mouse
Rtn3,Rtn4r,Mouse
Omg,Rtn4r,Mouse
Rtn4,Rtn4r,Mouse
Prlh,Prlhr,Mouse
Calm1,Kcnq3,Mouse
Prl8a2,Pgr,Mouse
Ntn1,Neo1,Mouse
Rgmb,Neo1,Mouse
Rgma,Neo1,Mouse
Cxcl12,Gpr17,Mouse
Adcyap1,Adcyap1r1,Mouse
Ccl26,Cx3cr1,Mouse
Hspg2,Ptprs,Mouse
Bsg,Slc16a7,Mouse
Efna5,Epha3,Mouse
Efna5,Epha6,Mouse
Nppb,Npr3,Mouse
Nppa,Npr3,Mouse
Ostn,Npr3,Mouse
Bmp4,Acvr2a,Mouse
Lefty2,Acvr2a,Mouse
Cthrc1,Fzd5,Mouse
Hmgb1,Itgam,Mouse
Icam1,Itgam,Mouse
Cfh,Itgam,Mouse
Hp,Itgam,Mouse
Cxcl12,Ackr3,Mouse
Col18a1,Itgb5,Mouse
Spp1,Itgb5,Mouse
Adam9,Itgb5,Mouse
Gh,Ghr,Mouse
Cxcl12,Agtr1a,Mouse
Efna5,Epha1,Mouse
Afdn,Nectin2,Mouse
Ccl19,Ackr4,Mouse
Ntn1,Unc5b,Mouse
Col8a1,Itga1,Mouse
Ngf,Sorcs3,Mouse
Ihh,Hhip,Mouse
Vwf,Tnfrsf11b,Mouse
Dll4,Notch2,Mouse
Dll3,Notch2,Mouse
Psen1,Notch2,Mouse
Dlk1,Notch2,Mouse
Egfl7,Notch2,Mouse
Ntf3,Ntrk2,Mouse
Apoe,Lrp2,Mouse
Selenop,Lrp2,Mouse
Tcn2,Lrp2,Mouse
Cubn,Lrp2,Mouse
Nrg3,Erbb3,Mouse
Nrg2,Erbb3,Mouse
L1cam,Erbb3,Mouse
Fgf3,Fgfr1,Mouse
Fgf11,Fgfr1,Mouse
Ncam1,Fgfr1,Mouse
Fgf14,Fgfr1,Mouse
Fgf12,Fgfr1,Mouse
Colq,Musk,Mouse
Agrn,Musk,Mouse
Wnt11,Musk,Mouse
Calm1,Scn10a,Mouse
Hmgb1,Tlr9,Mouse
Apoe,Scarb1,Mouse
Ptn,Alk,Mouse
Alkal1,Alk,Mouse
Gdf2,Alk,Mouse
Bmp6,Bmpr2,Mouse
Gdf2,Bmpr2,Mouse
Dll4,Notch3,Mouse
Dll3,Notch3,Mouse
Psen1,Notch3,Mouse
Dlk1,Notch3,Mouse
Egfl7,Notch3,Mouse
Thbs2,Notch3,Mouse
Fgf3,Fgfr3,Mouse
Fgf11,Fgfr3,Mouse
Fgf14,Fgfr3,Mouse
Hsp90aa1,Fgfr3,Mouse
Fgf12,Fgfr3,Mouse
Col4a6,Itgb1,Mouse
Col4a5,Itgb1,Mouse
Fga,Itgb1,Mouse
Jam2,Itgb1,Mouse
Tnc,Itgb1,Mouse
Hspg2,Itgb1,Mouse
Col4a3,Itgb1,Mouse
L1cam,Itgb1,Mouse
Spp1,Itgb1,Mouse
Lama2,Itgb1,Mouse
Reln,Itgb1,Mouse
Lgals3,Itgb1,Mouse
Ptn,Ptprz1,Mouse
Vegfa,Ptprz1,Mouse
Gdf10,Acvr1,Mouse
Bmp6,Acvr1,Mouse
Gdf2,Acvr1,Mouse
Igf2,Insr,Mouse
Ptn,Ptprb,Mouse
Vegfa,Ptprb,Mouse
Gip,Gipr,Mouse
Il1rn,Il1rl2,Mouse
Ccl20,Ccr6,Mouse
Il19,Il20rb,Mouse
Il24,Il20rb,Mouse
Tnc,Itga7,Mouse
Col4a6,Cd93,Mouse
Gng13,Kcnj6,Mouse
Gng2,Kcnj6,Mouse
Gng12,Kcnj6,Mouse
Gnb4,Kcnj6,Mouse
Camp,P2rx7,Mouse
Vwf,Itga2b,Mouse
Fga,Itga2b,Mouse
Reln,Itga2b,Mouse
Rtn4,Cntnap1,Mouse
Ccl19,Ccr7,Mouse
Ccl21b,Ccr7,Mouse
Sftpa1,Sirpa,Mouse
Omg,Rtn4rl1,Mouse
Ngf,Trpv1,Mouse
Il24,Il22ra1,Mouse
Ngf,Sort1,Mouse
Vwf,Itga4,Mouse
Jam2,Itga4,Mouse
Spp1,Itga4,Mouse
Thpo,Mpl,Mouse
Cd200,Cd200r2,Mouse
Icosl,Icos,Mouse
Agrn,Atp1a3,Mouse
Slit2,Robo4,Mouse
Cntf,Cntfr,Mouse
Hspg2,Col13a1,Mouse
Calm1,Oprm1,Mouse
Ntn1,Unc5c,Mouse
Lgals3,Itgb4,Mouse
Apoe,Lrp8,Mouse
Selenop,Lrp8,Mouse
Reln,Lrp8,Mouse
Tctn1,Tmem67,Mouse
Nxph1,Nrxn2,Mouse
Vegfa,Kdr,Mouse
Vegfa,Nrp2,Mouse
Wnt11,Fzd7,Mouse
Slit2,Robo3,Mouse
Sema6b,Plxna4,Mouse
Slit2,Robo2,Mouse
Ihh,Cdon,Mouse
Nrg3,Erbb4,Mouse
Nrg4,Erbb4,Mouse
Adamts3,Ccbe1,Mouse
Bmp6,Acvr2b,Mouse
Pdgfd,Pdgfra,Mouse
Apoe,Vldlr,Mouse
